sample_id,folder,date,filename,flooding,label,source,tile_number
0178_S2_2019-04-27,0178,2019-04-27,S2_2019-04-27,True,1,raw,
0204_S2_2019-04-19,0204,2019-04-19,S2_2019-04-19,True,1,raw,
16_S2_2019-02-23,16,2019-02-23,S2_2019-02-23,False,0,raw,
0147_S2_2019-02-10,0147,2019-02-10,S2_2019-02-10,False,0,raw,
0144_S2_2019-02-25,0144,2019-02-25,S2_2019-02-25,False,0,raw,
0310_S2_2019-01-09,0310,2019-01-09,S2_2019-01-09,False,0,raw,
data_mzymta_2023-07-06_S2_2023-07-06_tile_02,data/mzymta/2023-07-06,2023-07-06,S2_2023-07-06,False,0,mzymta,2
0015_S2_2019-01-19,0015,2019-01-19,S2_2019-01-19,False,0,raw,
0154_S2_2019-04-06,0154,2019-04-06,S2_2019-04-06,True,1,raw,
25_S2_2019-04-25,25,2019-04-25,S2_2019-04-25,False,0,raw,
0205_S2_2019-04-24,0205,2019-04-24,S2_2019-04-24,True,1,raw,
0219_S2_2019-04-19,0219,2019-04-19,S2_2019-04-19,True,1,raw,
0319_S2_2019-02-13,0319,2019-02-13,S2_2019-02-13,True,1,raw,
0123_S2_2019-02-10,0123,2019-02-10,S2_2019-02-10,False,0,raw,
0221_S2_2019-04-19,0221,2019-04-19,S2_2019-04-19,True,1,raw,
47_S2_2019-03-04,47,2019-03-04,S2_2019-03-04,False,0,raw,
0208_S2_2019-04-24,0208,2019-04-24,S2_2019-04-24,True,1,raw,
0096_S2_2019-01-27,0096,2019-01-27,S2_2019-01-27,False,0,raw,
0276_S2_2019-03-12,0276,2019-03-12,S2_2019-03-12,False,0,raw,
35_S2_2019-03-07,35,2019-03-07,S2_2019-03-07,False,0,raw,
0274_S2_2019-03-17,0274,2019-03-17,S2_2019-03-17,False,0,raw,
data_mzymta_2023-07-06_S2_2023-07-06_tile_05,data/mzymta/2023-07-06,2023-07-06,S2_2023-07-06,False,0,mzymta,5
0022_S2_2018-12-14,0022,2018-12-14,S2_2018-12-14,False,0,raw,
0127_S2_2019-01-15,0127,2019-01-15,S2_2019-01-15,False,0,raw,
65_S2_2019-03-27,65,2019-03-27,S2_2019-03-27,False,0,raw,
0316_S2_2019-03-15,0316,2019-03-15,S2_2019-03-15,True,1,raw,
16_S2_2019-04-14,16,2019-04-14,S2_2019-04-14,True,1,raw,
0005_S2_2018-12-17,0005,2018-12-17,S2_2018-12-17,False,0,raw,
0209_S2_2019-04-19,0209,2019-04-19,S2_2019-04-19,True,1,raw,
0260_S2_2019-03-02,0260,2019-03-02,S2_2019-03-02,False,0,raw,
0225_S2_2019-03-09,0225,2019-03-09,S2_2019-03-09,False,0,raw,
0122_S2_2018-12-15,0122,2018-12-15,S2_2018-12-15,False,0,raw,
0208_S2_2019-04-19,0208,2019-04-19,S2_2019-04-19,True,1,raw,
0304_S2_2019-03-15,0304,2019-03-15,S2_2019-03-15,True,1,raw,
0165_S2_2019-01-31,0165,2019-01-31,S2_2019-01-31,False,0,raw,
0304_S2_2019-02-28,0304,2019-02-28,S2_2019-02-28,True,1,raw,
0219_S2_2019-02-13,0219,2019-02-13,S2_2019-02-13,False,0,raw,
0290_S2_2019-05-20,0290,2019-05-20,S2_2019-05-20,True,1,raw,
0201_S2_2019-04-29,0201,2019-04-29,S2_2019-04-29,True,1,raw,
0253_S2_2019-03-07,0253,2019-03-07,S2_2019-03-07,False,0,raw,
35_S2_2019-03-09,35,2019-03-09,S2_2019-03-09,False,0,raw,
0148_S2_2019-03-12,0148,2019-03-12,S2_2019-03-12,True,1,raw,
0199_S2_2019-04-24,0199,2019-04-24,S2_2019-04-24,True,1,raw,
data_mzymta_2021-07-09_S2_2021-07-09_tile_04,data/mzymta/2021-07-09,2021-07-09,S2_2021-07-09,True,1,mzymta,4
0208_S2_2019-02-13,0208,2019-02-13,S2_2019-02-13,False,0,raw,
0147_S2_2019-03-12,0147,2019-03-12,S2_2019-03-12,True,1,raw,
0100_S2_2019-01-02,0100,2019-01-02,S2_2019-01-02,False,0,raw,
0325_S2_2019-03-15,0325,2019-03-15,S2_2019-03-15,True,1,raw,
0272_S2_2019-03-19,0272,2019-03-19,S2_2019-03-19,False,0,raw,
23_S2_2019-04-10,23,2019-04-10,S2_2019-04-10,False,0,raw,
41_S2_2019-03-03,41,2019-03-03,S2_2019-03-03,False,0,raw,
0103_S2_2018-12-13,0103,2018-12-13,S2_2018-12-13,False,0,raw,
0329_S2_2019-02-28,0329,2019-02-28,S2_2019-02-28,True,1,raw,
0005_S2_2019-01-16,0005,2019-01-16,S2_2019-01-16,False,0,raw,
0132_S2_2019-01-15,0132,2019-01-15,S2_2019-01-15,False,0,raw,
0024_S2_2019-01-23,0024,2019-01-23,S2_2019-01-23,False,0,raw,
0006_S2_2019-01-06,0006,2019-01-06,S2_2019-01-06,False,0,raw,
0243_S2_2019-03-09,0243,2019-03-09,S2_2019-03-09,False,0,raw,
0223_S2_2019-03-19,0223,2019-03-19,S2_2019-03-19,False,0,raw,
0313_S2_2019-01-09,0313,2019-01-09,S2_2019-01-09,False,0,raw,
0177_S2_2019-04-27,0177,2019-04-27,S2_2019-04-27,True,1,raw,
0329_S2_2019-01-09,0329,2019-01-09,S2_2019-01-09,False,0,raw,
0192_S2_2019-03-10,0192,2019-03-10,S2_2019-03-10,False,0,raw,
0102_S2_2019-02-11,0102,2019-02-11,S2_2019-02-11,False,0,raw,
38_S2_2018-12-25,38,2018-12-25,S2_2018-12-25,False,0,raw,
41_S2_2019-04-27,41,2019-04-27,S2_2019-04-27,True,1,raw,
0227_S2_2019-04-23,0227,2019-04-23,S2_2019-04-23,True,1,raw,
0222_S2_2019-03-25,0222,2019-03-25,S2_2019-03-25,True,1,raw,
28_S2_2019-02-11,28,2019-02-11,S2_2019-02-11,False,0,raw,
0320_S2_2019-02-13,0320,2019-02-13,S2_2019-02-13,True,1,raw,
0149_S2_2019-03-12,0149,2019-03-12,S2_2019-03-12,True,1,raw,
0206_S2_2019-04-04,0206,2019-04-04,S2_2019-04-04,True,1,raw,
0334_S2_2019-03-15,0334,2019-03-15,S2_2019-03-15,True,1,raw,
0325_S2_2019-02-28,0325,2019-02-28,S2_2019-02-28,True,1,raw,
0215_S2_2019-02-28,0215,2019-02-28,S2_2019-02-28,False,0,raw,
0117_S2_2018-12-15,0117,2018-12-15,S2_2018-12-15,False,0,raw,
0250_S2_2019-04-23,0250,2019-04-23,S2_2019-04-23,True,1,raw,
0267_S2_2019-02-25,0267,2019-02-25,S2_2019-02-25,False,0,raw,
0128_S2_2018-12-16,0128,2018-12-16,S2_2018-12-16,False,0,raw,
0309_S2_2019-01-09,0309,2019-01-09,S2_2019-01-09,False,0,raw,
0335_S2_2019-02-28,0335,2019-02-28,S2_2019-02-28,True,1,raw,
0167_S2_2019-04-16,0167,2019-04-16,S2_2019-04-16,True,1,raw,
0151_S2_2019-02-10,0151,2019-02-10,S2_2019-02-10,False,0,raw,
0200_S2_2019-04-24,0200,2019-04-24,S2_2019-04-24,True,1,raw,
0163_S2_2019-02-25,0163,2019-02-25,S2_2019-02-25,False,0,raw,
56_S2_2019-02-13,56,2019-02-13,S2_2019-02-13,True,1,raw,
0156_S2_2019-04-16,0156,2019-04-16,S2_2019-04-16,True,1,raw,
0226_S2_2019-03-17,0226,2019-03-17,S2_2019-03-17,False,0,raw,
0216_S2_2019-04-19,0216,2019-04-19,S2_2019-04-19,True,1,raw,
0159_S2_2019-04-01,0159,2019-04-01,S2_2019-04-01,True,1,raw,
0140_S2_2019-04-16,0140,2019-04-16,S2_2019-04-16,True,1,raw,
0118_S2_2019-01-31,0118,2019-01-31,S2_2019-01-31,False,0,raw,
0230_S2_2019-03-12,0230,2019-03-12,S2_2019-03-12,False,0,raw,
0139_S2_2019-02-28,0139,2019-02-28,S2_2019-02-28,False,0,raw,
20_S2_2019-04-04,20,2019-04-04,S2_2019-04-04,True,1,raw,
0181_S2_2019-02-11,0181,2019-02-11,S2_2019-02-11,False,0,raw,
0191_S2_2019-03-25,0191,2019-03-25,S2_2019-03-25,True,1,raw,
0233_S2_2019-03-12,0233,2019-03-12,S2_2019-03-12,False,0,raw,
22_S2_2019-02-27,22,2019-02-27,S2_2019-02-27,False,0,raw,
49_S2_2019-01-24,49,2019-01-24,S2_2019-01-24,False,0,raw,
0227_S2_2019-03-12,0227,2019-03-12,S2_2019-03-12,False,0,raw,
46_S2_2019-03-15,46,2019-03-15,S2_2019-03-15,True,1,raw,
11_S2_2019-04-16,11,2019-04-16,S2_2019-04-16,True,1,raw,
4_S2_2019-02-28,4,2019-02-28,S2_2019-02-28,True,1,raw,
0139_S2_2019-04-09,0139,2019-04-09,S2_2019-04-09,True,1,raw,
0139_S2_2019-03-25,0139,2019-03-25,S2_2019-03-25,True,1,raw,
0300_S2_2019-03-15,0300,2019-03-15,S2_2019-03-15,True,1,raw,
0021_S2_2019-01-14,0021,2019-01-14,S2_2019-01-14,False,0,raw,
16_S2_2019-04-04,16,2019-04-04,S2_2019-04-04,True,1,raw,
0121_S2_2018-12-27,0121,2018-12-27,S2_2018-12-27,False,0,raw,
0137_S2_2019-04-09,0137,2019-04-09,S2_2019-04-09,True,1,raw,
18_S2_2019-03-30,18,2019-03-30,S2_2019-03-30,True,1,raw,
13_S2_2019-01-06,13,2019-01-06,S2_2019-01-06,False,0,raw,
33_S2_2019-05-20,33,2019-05-20,S2_2019-05-20,True,1,raw,
6_S2_2019-01-09,6,2019-01-09,S2_2019-01-09,False,0,raw,
data_mzymta_2021-12-03_S2_2021-12-03_tile_05,data/mzymta/2021-12-03,2021-12-03,S2_2021-12-03,False,0,mzymta,5
0140_S2_2019-03-12,0140,2019-03-12,S2_2019-03-12,True,1,raw,
data_mzymta_2023-07-06_S2_2023-07-06_tile_04,data/mzymta/2023-07-06,2023-07-06,S2_2023-07-06,False,0,mzymta,4
0166_S2_2019-01-31,0166,2019-01-31,S2_2019-01-31,False,0,raw,
0115_S2_2019-01-24,0115,2019-01-24,S2_2019-01-24,False,0,raw,
0324_S2_2019-02-28,0324,2019-02-28,S2_2019-02-28,True,1,raw,
48_S2_2019-02-04,48,2019-02-04,S2_2019-02-04,False,0,raw,
0205_S2_2019-03-25,0205,2019-03-25,S2_2019-03-25,True,1,raw,
0209_S2_2019-02-28,0209,2019-02-28,S2_2019-02-28,False,0,raw,
0159_S2_2019-03-12,0159,2019-03-12,S2_2019-03-12,True,1,raw,
0206_S2_2019-02-23,0206,2019-02-23,S2_2019-02-23,False,0,raw,
0075_S2_2018-12-26,0075,2018-12-26,S2_2018-12-26,False,0,raw,
0330_S2_2019-01-09,0330,2019-01-09,S2_2019-01-09,False,0,raw,
0257_S2_2019-03-19,0257,2019-03-19,S2_2019-03-19,False,0,raw,
0007_S2_2019-01-09,0007,2019-01-09,S2_2019-01-09,False,0,raw,
0036_S2_2019-02-01,0036,2019-02-01,S2_2019-02-01,False,0,raw,
0234_S2_2019-03-12,0234,2019-03-12,S2_2019-03-12,False,0,raw,
0271_S2_2019-02-25,0271,2019-02-25,S2_2019-02-25,False,0,raw,
18_S2_2019-04-09,18,2019-04-09,S2_2019-04-09,True,1,raw,
0173_S2_2019-03-29,0173,2019-03-29,S2_2019-03-29,True,1,raw,
0149_S2_2019-04-21,0149,2019-04-21,S2_2019-04-21,True,1,raw,
0327_S2_2019-03-15,0327,2019-03-15,S2_2019-03-15,True,1,raw,
45_S2_2019-01-19,45,2019-01-19,S2_2019-01-19,False,0,raw,
0188_S2_2019-02-28,0188,2019-02-28,S2_2019-02-28,False,0,raw,
0204_S2_2019-03-25,0204,2019-03-25,S2_2019-03-25,True,1,raw,
0298_S2_2019-02-13,0298,2019-02-13,S2_2019-02-13,True,1,raw,
34_S2_2019-04-14,34,2019-04-14,S2_2019-04-14,True,1,raw,
15_S2_2019-04-04,15,2019-04-04,S2_2019-04-04,True,1,raw,
0082_S2_2019-02-14,0082,2019-02-14,S2_2019-02-14,False,0,raw,
65_S2_2019-03-09,65,2019-03-09,S2_2019-03-09,False,0,raw,
28_S2_2019-01-02,28,2019-01-02,S2_2019-01-02,False,0,raw,
0144_S2_2019-01-26,0144,2019-01-26,S2_2019-01-26,False,0,raw,
62_S2_2019-04-21,62,2019-04-21,S2_2019-04-21,False,0,raw,
0218_S2_2019-04-24,0218,2019-04-24,S2_2019-04-24,True,1,raw,
0135_S2_2018-12-16,0135,2018-12-16,S2_2018-12-16,False,0,raw,
0012_S2_2019-02-03,0012,2019-02-03,S2_2019-02-03,False,0,raw,
0277_S2_2019-02-25,0277,2019-02-25,S2_2019-02-25,False,0,raw,
0176_S2_2019-03-29,0176,2019-03-29,S2_2019-03-29,True,1,raw,
11_S2_2019-02-25,11,2019-02-25,S2_2019-02-25,False,0,raw,
0156_S2_2019-02-25,0156,2019-02-25,S2_2019-02-25,False,0,raw,
0262_S2_2019-03-12,0262,2019-03-12,S2_2019-03-12,False,0,raw,
0187_S2_2019-03-25,0187,2019-03-25,S2_2019-03-25,True,1,raw,
0215_S2_2019-04-24,0215,2019-04-24,S2_2019-04-24,True,1,raw,
0293_S2_2019-04-05,0293,2019-04-05,S2_2019-04-05,False,0,raw,
0215_S2_2019-03-25,0215,2019-03-25,S2_2019-03-25,True,1,raw,
0307_S2_2019-03-15,0307,2019-03-15,S2_2019-03-15,True,1,raw,
0042_S2_2019-02-01,0042,2019-02-01,S2_2019-02-01,False,0,raw,
0206_S2_2019-02-28,0206,2019-02-28,S2_2019-02-28,False,0,raw,
0174_S2_2019-04-13,0174,2019-04-13,S2_2019-04-13,True,1,raw,
0216_S2_2019-03-25,0216,2019-03-25,S2_2019-03-25,True,1,raw,
0145_S2_2019-03-12,0145,2019-03-12,S2_2019-03-12,True,1,raw,
0255_S2_2019-02-25,0255,2019-02-25,S2_2019-02-25,False,0,raw,
0026_S2_2019-01-13,0026,2019-01-13,S2_2019-01-13,False,0,raw,
40_S2_2019-03-22,40,2019-03-22,S2_2019-03-22,False,0,raw,
0_S2_2019-03-12,0,2019-03-12,S2_2019-03-12,True,1,raw,
0162_S2_2019-04-01,0162,2019-04-01,S2_2019-04-01,True,1,raw,
0178_S2_2019-03-28,0178,2019-03-28,S2_2019-03-28,True,1,raw,
0241_S2_2019-04-23,0241,2019-04-23,S2_2019-04-23,True,1,raw,
0234_S2_2019-04-23,0234,2019-04-23,S2_2019-04-23,True,1,raw,
0144_S2_2019-04-01,0144,2019-04-01,S2_2019-04-01,True,1,raw,
12_S2_2019-02-27,12,2019-02-27,S2_2019-02-27,False,0,raw,
51_S2_2019-02-13,51,2019-02-13,S2_2019-02-13,True,1,raw,
5_S2_2019-04-27,5,2019-04-27,S2_2019-04-27,True,1,raw,
0206_S2_2019-03-25,0206,2019-03-25,S2_2019-03-25,True,1,raw,
61_S2_2019-03-25,61,2019-03-25,S2_2019-03-25,True,1,raw,
0274_S2_2019-03-07,0274,2019-03-07,S2_2019-03-07,False,0,raw,
0217_S2_2019-02-28,0217,2019-02-28,S2_2019-02-28,False,0,raw,
0258_S2_2019-03-09,0258,2019-03-09,S2_2019-03-09,False,0,raw,
0196_S2_2019-04-14,0196,2019-04-14,S2_2019-04-14,True,1,raw,
0144_S2_2019-04-06,0144,2019-04-06,S2_2019-04-06,True,1,raw,
0223_S2_2019-04-23,0223,2019-04-23,S2_2019-04-23,True,1,raw,
data_mzymta_2021-07-09_S2_2021-07-09_tile_05,data/mzymta/2021-07-09,2021-07-09,S2_2021-07-09,True,1,mzymta,5
0333_S2_2019-03-15,0333,2019-03-15,S2_2019-03-15,True,1,raw,
0238_S2_2019-04-23,0238,2019-04-23,S2_2019-04-23,True,1,raw,
0057_S2_2019-02-01,0057,2019-02-01,S2_2019-02-01,False,0,raw,
0173_S2_2019-04-13,0173,2019-04-13,S2_2019-04-13,True,1,raw,
0294_S2_2019-04-05,0294,2019-04-05,S2_2019-04-05,False,0,raw,
0221_S2_2019-02-23,0221,2019-02-23,S2_2019-02-23,False,0,raw,
0104_S2_2018-12-13,0104,2018-12-13,S2_2018-12-13,False,0,raw,
15_S2_2019-03-25,15,2019-03-25,S2_2019-03-25,True,1,raw,
0231_S2_2019-04-23,0231,2019-04-23,S2_2019-04-23,True,1,raw,
44_S2_2019-03-22,44,2019-03-22,S2_2019-03-22,False,0,raw,
47_S2_2019-03-22,47,2019-03-22,S2_2019-03-22,False,0,raw,
0138_S2_2019-04-09,0138,2019-04-09,S2_2019-04-09,True,1,raw,
65_S2_2019-04-23,65,2019-04-23,S2_2019-04-23,True,1,raw,
0306_S2_2019-02-28,0306,2019-02-28,S2_2019-02-28,True,1,raw,
51_S2_2019-02-28,51,2019-02-28,S2_2019-02-28,True,1,raw,
0074_S2_2019-02-04,0074,2019-02-04,S2_2019-02-04,False,0,raw,
0281_S2_2019-03-04,0281,2019-03-04,S2_2019-03-04,False,0,raw,
0212_S2_2019-04-04,0212,2019-04-04,S2_2019-04-04,True,1,raw,
0191_S2_2019-04-24,0191,2019-04-24,S2_2019-04-24,True,1,raw,
0109_S2_2019-01-27,0109,2019-01-27,S2_2019-01-27,False,0,raw,
0214_S2_2019-04-19,0214,2019-04-19,S2_2019-04-19,True,1,raw,
0176_S2_2019-04-18,0176,2019-04-18,S2_2019-04-18,True,1,raw,
0244_S2_2019-04-21,0244,2019-04-21,S2_2019-04-21,False,0,raw,
0275_S2_2019-03-07,0275,2019-03-07,S2_2019-03-07,False,0,raw,
53_S2_2019-02-13,53,2019-02-13,S2_2019-02-13,True,1,raw,
0011_S2_2019-01-19,0011,2019-01-19,S2_2019-01-19,False,0,raw,
0295_S2_2019-02-13,0295,2019-02-13,S2_2019-02-13,True,1,raw,
0226_S2_2019-04-21,0226,2019-04-21,S2_2019-04-21,False,0,raw,
0076_S2_2019-01-10,0076,2019-01-10,S2_2019-01-10,False,0,raw,
0199_S2_2019-03-25,0199,2019-03-25,S2_2019-03-25,True,1,raw,
0117_S2_2019-01-31,0117,2019-01-31,S2_2019-01-31,False,0,raw,
0319_S2_2019-01-09,0319,2019-01-09,S2_2019-01-09,False,0,raw,
50_S2_2019-01-22,50,2019-01-22,S2_2019-01-22,False,0,raw,
0272_S2_2019-03-12,0272,2019-03-12,S2_2019-03-12,False,0,raw,
0326_S2_2019-03-15,0326,2019-03-15,S2_2019-03-15,True,1,raw,
0299_S2_2019-01-09,0299,2019-01-09,S2_2019-01-09,False,0,raw,
0313_S2_2019-02-28,0313,2019-02-28,S2_2019-02-28,True,1,raw,
0075_S2_2019-01-30,0075,2019-01-30,S2_2019-01-30,False,0,raw,
0159_S2_2019-04-16,0159,2019-04-16,S2_2019-04-16,True,1,raw,
0010_S2_2018-12-25,0010,2018-12-25,S2_2018-12-25,False,0,raw,
0321_S2_2019-02-13,0321,2019-02-13,S2_2019-02-13,True,1,raw,
0236_S2_2019-03-09,0236,2019-03-09,S2_2019-03-09,False,0,raw,
0184_S2_2019-03-28,0184,2019-03-28,S2_2019-03-28,True,1,raw,
0020_S2_2018-12-30,0020,2018-12-30,S2_2018-12-30,False,0,raw,
0150_S2_2019-03-12,0150,2019-03-12,S2_2019-03-12,True,1,raw,
0217_S2_2019-04-24,0217,2019-04-24,S2_2019-04-24,True,1,raw,
0321_S2_2019-01-09,0321,2019-01-09,S2_2019-01-09,False,0,raw,
0187_S2_2019-02-13,0187,2019-02-13,S2_2019-02-13,False,0,raw,
0241_S2_2019-03-12,0241,2019-03-12,S2_2019-03-12,False,0,raw,
0245_S2_2019-03-12,0245,2019-03-12,S2_2019-03-12,False,0,raw,
0024_S2_2018-12-14,0024,2018-12-14,S2_2018-12-14,False,0,raw,
0193_S2_2019-02-28,0193,2019-02-28,S2_2019-02-28,False,0,raw,
0298_S2_2019-02-28,0298,2019-02-28,S2_2019-02-28,True,1,raw,
37_S2_2018-12-28,37,2018-12-28,S2_2018-12-28,False,0,raw,
0191_S2_2019-02-28,0191,2019-02-28,S2_2019-02-28,False,0,raw,
0163_S2_2019-04-16,0163,2019-04-16,S2_2019-04-16,True,1,raw,
0168_S2_2019-04-01,0168,2019-04-01,S2_2019-04-01,True,1,raw,
0013_S2_2019-01-24,0013,2019-01-24,S2_2019-01-24,False,0,raw,
0262_S2_2019-03-02,0262,2019-03-02,S2_2019-03-02,False,0,raw,
0272_S2_2019-02-25,0272,2019-02-25,S2_2019-02-25,False,0,raw,
0330_S2_2019-02-13,0330,2019-02-13,S2_2019-02-13,True,1,raw,
0199_S2_2019-04-29,0199,2019-04-29,S2_2019-04-29,True,1,raw,
35_S2_2019-02-25,35,2019-02-25,S2_2019-02-25,False,0,raw,
0106_S2_2019-01-02,0106,2019-01-02,S2_2019-01-02,False,0,raw,
0226_S2_2019-04-08,0226,2019-04-08,S2_2019-04-08,False,0,raw,
0154_S2_2019-04-21,0154,2019-04-21,S2_2019-04-21,True,1,raw,
0325_S2_2019-02-13,0325,2019-02-13,S2_2019-02-13,True,1,raw,
0186_S2_2019-04-24,0186,2019-04-24,S2_2019-04-24,True,1,raw,
0227_S2_2019-03-27,0227,2019-03-27,S2_2019-03-27,False,0,raw,
0300_S2_2019-01-09,0300,2019-01-09,S2_2019-01-09,False,0,raw,
38_S2_2019-01-19,38,2019-01-19,S2_2019-01-19,False,0,raw,
57_S2_2018-12-28,57,2018-12-28,S2_2018-12-28,False,0,raw,
11_S2_2019-01-31,11,2019-01-31,S2_2019-01-31,False,0,raw,
0256_S2_2019-02-25,0256,2019-02-25,S2_2019-02-25,False,0,raw,
0118_S2_2018-12-27,0118,2018-12-27,S2_2018-12-27,False,0,raw,
0096_S2_2018-12-13,0096,2018-12-13,S2_2018-12-13,False,0,raw,
0274_S2_2019-03-09,0274,2019-03-09,S2_2019-03-09,False,0,raw,
0245_S2_2019-03-19,0245,2019-03-19,S2_2019-03-19,False,0,raw,
52_S2_2019-01-16,52,2019-01-16,S2_2019-01-16,False,0,raw,
0260_S2_2019-03-04,0260,2019-03-04,S2_2019-03-04,False,0,raw,
0133_S2_2019-01-15,0133,2019-01-15,S2_2019-01-15,False,0,raw,
0235_S2_2019-04-21,0235,2019-04-21,S2_2019-04-21,False,0,raw,
0157_S2_2019-04-21,0157,2019-04-21,S2_2019-04-21,True,1,raw,
0196_S2_2019-04-24,0196,2019-04-24,S2_2019-04-24,True,1,raw,
43_S2_2019-04-19,43,2019-04-19,S2_2019-04-19,True,1,raw,
0219_S2_2019-04-24,0219,2019-04-24,S2_2019-04-24,True,1,raw,
0143_S2_2019-02-10,0143,2019-02-10,S2_2019-02-10,False,0,raw,
0263_S2_2019-03-09,0263,2019-03-09,S2_2019-03-09,False,0,raw,
0199_S2_2019-04-04,0199,2019-04-04,S2_2019-04-04,True,1,raw,
0027_S2_2019-01-23,0027,2019-01-23,S2_2019-01-23,False,0,raw,
data_mzymta_2021-07-01_S2_2021-07-01_tile_05,data/mzymta/2021-07-01,2021-07-01,S2_2021-07-01,False,0,mzymta,5
0048_S2_2019-02-01,0048,2019-02-01,S2_2019-02-01,False,0,raw,
0080_S2_2018-12-31,0080,2018-12-31,S2_2018-12-31,False,0,raw,
0271_S2_2019-03-02,0271,2019-03-02,S2_2019-03-02,False,0,raw,
0194_S2_2019-04-14,0194,2019-04-14,S2_2019-04-14,True,1,raw,
0221_S2_2019-04-04,0221,2019-04-04,S2_2019-04-04,True,1,raw,
0194_S2_2019-04-04,0194,2019-04-04,S2_2019-04-04,True,1,raw,
42_S2_2019-02-01,42,2019-02-01,S2_2019-02-01,False,0,raw,
38_S2_2019-01-24,38,2019-01-24,S2_2019-01-24,False,0,raw,
0306_S2_2019-03-15,0306,2019-03-15,S2_2019-03-15,True,1,raw,
0201_S2_2019-03-25,0201,2019-03-25,S2_2019-03-25,True,1,raw,
0105_S2_2019-01-02,0105,2019-01-02,S2_2019-01-02,False,0,raw,
0200_S2_2019-04-04,0200,2019-04-04,S2_2019-04-04,True,1,raw,
0214_S2_2019-04-24,0214,2019-04-24,S2_2019-04-24,True,1,raw,
64_S2_2019-03-22,64,2019-03-22,S2_2019-03-22,False,0,raw,
0109_S2_2018-12-13,0109,2018-12-13,S2_2018-12-13,False,0,raw,
0192_S2_2019-04-04,0192,2019-04-04,S2_2019-04-04,True,1,raw,
0246_S2_2019-03-12,0246,2019-03-12,S2_2019-03-12,False,0,raw,
0298_S2_2019-01-09,0298,2019-01-09,S2_2019-01-09,False,0,raw,
46_S2_2019-02-28,46,2019-02-28,S2_2019-02-28,True,1,raw,
0209_S2_2019-04-24,0209,2019-04-24,S2_2019-04-24,True,1,raw,
0288_S2_2019-03-04,0288,2019-03-04,S2_2019-03-04,False,0,raw,
0138_S2_2019-03-25,0138,2019-03-25,S2_2019-03-25,True,1,raw,
15_S2_2019-04-14,15,2019-04-14,S2_2019-04-14,True,1,raw,
0260_S2_2019-03-22,0260,2019-03-22,S2_2019-03-22,False,0,raw,
0131_S2_2019-01-05,0131,2019-01-05,S2_2019-01-05,False,0,raw,
67_S2_2019-03-12,67,2019-03-12,S2_2019-03-12,True,1,raw,
0250_S2_2019-03-09,0250,2019-03-09,S2_2019-03-09,False,0,raw,
54_S2_2019-04-16,54,2019-04-16,S2_2019-04-16,True,1,raw,
0310_S2_2019-03-15,0310,2019-03-15,S2_2019-03-15,True,1,raw,
data_mzymta_2021-12-13_S2_2021-12-13_tile_02,data/mzymta/2021-12-13,2021-12-13,S2_2021-12-13,True,1,mzymta,2
0294_S2_2019-05-20,0294,2019-05-20,S2_2019-05-20,True,1,raw,
0254_S2_2019-03-09,0254,2019-03-09,S2_2019-03-09,False,0,raw,
0215_S2_2019-04-04,0215,2019-04-04,S2_2019-04-04,True,1,raw,
0333_S2_2019-02-13,0333,2019-02-13,S2_2019-02-13,True,1,raw,
0203_S2_2019-04-19,0203,2019-04-19,S2_2019-04-19,True,1,raw,
0139_S2_2019-03-30,0139,2019-03-30,S2_2019-03-30,True,1,raw,
44_S2_2019-03-19,44,2019-03-19,S2_2019-03-19,False,0,raw,
0316_S2_2019-02-28,0316,2019-02-28,S2_2019-02-28,True,1,raw,
0176_S2_2019-02-02,0176,2019-02-02,S2_2019-02-02,False,0,raw,
19_S2_2019-03-19,19,2019-03-19,S2_2019-03-19,False,0,raw,
0236_S2_2019-04-21,0236,2019-04-21,S2_2019-04-21,False,0,raw,
0198_S2_2019-04-04,0198,2019-04-04,S2_2019-04-04,True,1,raw,
0187_S2_2019-04-19,0187,2019-04-19,S2_2019-04-19,True,1,raw,
0091_S2_2018-12-28,0091,2018-12-28,S2_2018-12-28,False,0,raw,
0235_S2_2019-04-23,0235,2019-04-23,S2_2019-04-23,True,1,raw,
0275_S2_2019-02-25,0275,2019-02-25,S2_2019-02-25,False,0,raw,
34_S2_2019-04-24,34,2019-04-24,S2_2019-04-24,True,1,raw,
0222_S2_2019-04-04,0222,2019-04-04,S2_2019-04-04,True,1,raw,
0144_S2_2019-04-21,0144,2019-04-21,S2_2019-04-21,True,1,raw,
20_S2_2019-04-24,20,2019-04-24,S2_2019-04-24,True,1,raw,
9_S2_2019-01-24,9,2019-01-24,S2_2019-01-24,False,0,raw,
0187_S2_2019-02-28,0187,2019-02-28,S2_2019-02-28,False,0,raw,
data_mzymta_2023-07-14_S2_2023-07-14_tile_05,data/mzymta/2023-07-14,2023-07-14,S2_2023-07-14,True,1,mzymta,5
0227_S2_2019-03-17,0227,2019-03-17,S2_2019-03-17,False,0,raw,
0327_S2_2019-02-13,0327,2019-02-13,S2_2019-02-13,True,1,raw,
0088_S2_2019-02-14,0088,2019-02-14,S2_2019-02-14,False,0,raw,
0170_S2_2019-03-29,0170,2019-03-29,S2_2019-03-29,True,1,raw,
6_S2_2019-02-13,6,2019-02-13,S2_2019-02-13,True,1,raw,
0257_S2_2019-03-09,0257,2019-03-09,S2_2019-03-09,False,0,raw,
0199_S2_2019-04-14,0199,2019-04-14,S2_2019-04-14,True,1,raw,
4_S2_2019-02-13,4,2019-02-13,S2_2019-02-13,True,1,raw,
57_S2_2019-01-02,57,2019-01-02,S2_2019-01-02,False,0,raw,
0299_S2_2019-03-15,0299,2019-03-15,S2_2019-03-15,True,1,raw,
0240_S2_2019-03-27,0240,2019-03-27,S2_2019-03-27,False,0,raw,
0107_S2_2018-12-28,0107,2018-12-28,S2_2018-12-28,False,0,raw,
0328_S2_2019-03-15,0328,2019-03-15,S2_2019-03-15,True,1,raw,
0277_S2_2019-03-07,0277,2019-03-07,S2_2019-03-07,False,0,raw,
0326_S2_2019-02-28,0326,2019-02-28,S2_2019-02-28,True,1,raw,
0101_S2_2019-02-11,0101,2019-02-11,S2_2019-02-11,False,0,raw,
0246_S2_2019-04-23,0246,2019-04-23,S2_2019-04-23,True,1,raw,
0280_S2_2019-02-25,0280,2019-02-25,S2_2019-02-25,False,0,raw,
16_S2_2019-03-25,16,2019-03-25,S2_2019-03-25,True,1,raw,
0124_S2_2018-12-17,0124,2018-12-17,S2_2018-12-17,False,0,raw,
0214_S2_2019-03-25,0214,2019-03-25,S2_2019-03-25,True,1,raw,
40_S2_2019-03-19,40,2019-03-19,S2_2019-03-19,False,0,raw,
0_S2_2019-04-16,0,2019-04-16,S2_2019-04-16,True,1,raw,
data_mzymta_2021-12-03_S2_2021-12-03_tile_04,data/mzymta/2021-12-03,2021-12-03,S2_2021-12-03,False,0,mzymta,4
0243_S2_2019-04-23,0243,2019-04-23,S2_2019-04-23,True,1,raw,
0299_S2_2019-02-13,0299,2019-02-13,S2_2019-02-13,True,1,raw,
0247_S2_2019-04-23,0247,2019-04-23,S2_2019-04-23,True,1,raw,
43_S2_2019-04-04,43,2019-04-04,S2_2019-04-04,True,1,raw,
0244_S2_2019-03-19,0244,2019-03-19,S2_2019-03-19,False,0,raw,
0165_S2_2019-04-01,0165,2019-04-01,S2_2019-04-01,True,1,raw,
data_mzymta_2023-07-14_S2_2023-07-14_tile_04,data/mzymta/2023-07-14,2023-07-14,S2_2023-07-14,True,1,mzymta,4
0196_S2_2019-04-04,0196,2019-04-04,S2_2019-04-04,True,1,raw,
0155_S2_2019-04-16,0155,2019-04-16,S2_2019-04-16,True,1,raw,
0236_S2_2019-03-12,0236,2019-03-12,S2_2019-03-12,False,0,raw,
47_S2_2019-02-25,47,2019-02-25,S2_2019-02-25,False,0,raw,
0232_S2_2019-04-23,0232,2019-04-23,S2_2019-04-23,True,1,raw,
0081_S2_2019-01-05,0081,2019-01-05,S2_2019-01-05,False,0,raw,
0221_S2_2019-03-25,0221,2019-03-25,S2_2019-03-25,True,1,raw,
0098_S2_2018-12-28,0098,2018-12-28,S2_2018-12-28,False,0,raw,
0329_S2_2019-02-13,0329,2019-02-13,S2_2019-02-13,True,1,raw,
50_S2_2018-12-28,50,2018-12-28,S2_2018-12-28,False,0,raw,
66_S2_2019-03-09,66,2019-03-09,S2_2019-03-09,False,0,raw,
0163_S2_2019-04-01,0163,2019-04-01,S2_2019-04-01,True,1,raw,
0219_S2_2019-04-04,0219,2019-04-04,S2_2019-04-04,True,1,raw,
0012_S2_2019-01-19,0012,2019-01-19,S2_2019-01-19,False,0,raw,
0158_S2_2019-03-12,0158,2019-03-12,S2_2019-03-12,True,1,raw,
0311_S2_2019-02-28,0311,2019-02-28,S2_2019-02-28,True,1,raw,
0188_S2_2019-02-13,0188,2019-02-13,S2_2019-02-13,False,0,raw,
0102_S2_2018-12-13,0102,2018-12-13,S2_2018-12-13,False,0,raw,
40_S2_2019-03-02,40,2019-03-02,S2_2019-03-02,False,0,raw,
0157_S2_2019-01-26,0157,2019-01-26,S2_2019-01-26,False,0,raw,
0229_S2_2019-04-23,0229,2019-04-23,S2_2019-04-23,True,1,raw,
63_S2_2019-03-09,63,2019-03-09,S2_2019-03-09,False,0,raw,
0186_S2_2019-02-28,0186,2019-02-28,S2_2019-02-28,False,0,raw,
0015_S2_2018-12-30,0015,2018-12-30,S2_2018-12-30,False,0,raw,
0177_S2_2019-02-11,0177,2019-02-11,S2_2019-02-11,False,0,raw,
0077_S2_2018-12-31,0077,2018-12-31,S2_2018-12-31,False,0,raw,
0219_S2_2019-02-23,0219,2019-02-23,S2_2019-02-23,False,0,raw,
0147_S2_2019-04-16,0147,2019-04-16,S2_2019-04-16,True,1,raw,
0250_S2_2019-03-12,0250,2019-03-12,S2_2019-03-12,False,0,raw,
0001_S2_2019-01-22,0001,2019-01-22,S2_2019-01-22,False,0,raw,
0248_S2_2019-04-23,0248,2019-04-23,S2_2019-04-23,True,1,raw,
0230_S2_2019-04-23,0230,2019-04-23,S2_2019-04-23,True,1,raw,
0253_S2_2019-03-09,0253,2019-03-09,S2_2019-03-09,False,0,raw,
19_S2_2019-04-21,19,2019-04-21,S2_2019-04-21,False,0,raw,
0193_S2_2019-03-25,0193,2019-03-25,S2_2019-03-25,True,1,raw,
1_S2_2019-04-27,1,2019-04-27,S2_2019-04-27,True,1,raw,
0334_S2_2019-02-13,0334,2019-02-13,S2_2019-02-13,True,1,raw,
0104_S2_2018-12-28,0104,2018-12-28,S2_2018-12-28,False,0,raw,
0332_S2_2019-03-15,0332,2019-03-15,S2_2019-03-15,True,1,raw,
20_S2_2019-04-19,20,2019-04-19,S2_2019-04-19,True,1,raw,
0031_S2_2019-02-01,0031,2019-02-01,S2_2019-02-01,False,0,raw,
0151_S2_2019-03-12,0151,2019-03-12,S2_2019-03-12,True,1,raw,
0182_S2_2019-04-27,0182,2019-04-27,S2_2019-04-27,True,1,raw,
54_S2_2019-04-01,54,2019-04-01,S2_2019-04-01,True,1,raw,
0205_S2_2019-04-19,0205,2019-04-19,S2_2019-04-19,True,1,raw,
0173_S2_2019-04-18,0173,2019-04-18,S2_2019-04-18,True,1,raw,
0205_S2_2019-04-04,0205,2019-04-04,S2_2019-04-04,True,1,raw,
0208_S2_2019-04-04,0208,2019-04-04,S2_2019-04-04,True,1,raw,
0203_S2_2019-03-25,0203,2019-03-25,S2_2019-03-25,True,1,raw,
0301_S2_2019-03-15,0301,2019-03-15,S2_2019-03-15,True,1,raw,
0191_S2_2019-04-14,0191,2019-04-14,S2_2019-04-14,True,1,raw,
0318_S2_2019-02-13,0318,2019-02-13,S2_2019-02-13,True,1,raw,
data_mzymta_2021-07-09_S2_2021-07-09_tile_02,data/mzymta/2021-07-09,2021-07-09,S2_2021-07-09,True,1,mzymta,2
0027_S2_2019-01-13,0027,2019-01-13,S2_2019-01-13,False,0,raw,
0254_S2_2019-03-07,0254,2019-03-07,S2_2019-03-07,False,0,raw,
0066_S2_2019-02-04,0066,2019-02-04,S2_2019-02-04,False,0,raw,
0014_S2_2018-12-25,0014,2018-12-25,S2_2018-12-25,False,0,raw,
0013_S2_2019-01-09,0013,2019-01-09,S2_2019-01-09,False,0,raw,
0015_S2_2019-01-14,0015,2019-01-14,S2_2019-01-14,False,0,raw,
0171_S2_2019-04-18,0171,2019-04-18,S2_2019-04-18,True,1,raw,
34_S2_2019-04-29,34,2019-04-29,S2_2019-04-29,True,1,raw,
0009_S2_2018-12-30,0009,2018-12-30,S2_2018-12-30,False,0,raw,
0021_S2_2019-02-03,0021,2019-02-03,S2_2019-02-03,False,0,raw,
0124_S2_2019-01-31,0124,2019-01-31,S2_2019-01-31,False,0,raw,
41_S2_2019-03-28,41,2019-03-28,S2_2019-03-28,True,1,raw,
0285_S2_2019-03-04,0285,2019-03-04,S2_2019-03-04,False,0,raw,
0233_S2_2019-03-09,0233,2019-03-09,S2_2019-03-09,False,0,raw,
0182_S2_2019-03-28,0182,2019-03-28,S2_2019-03-28,True,1,raw,
0204_S2_2019-04-04,0204,2019-04-04,S2_2019-04-04,True,1,raw,
32_S2_2019-03-15,32,2019-03-15,S2_2019-03-15,True,1,raw,
0281_S2_2019-03-09,0281,2019-03-09,S2_2019-03-09,False,0,raw,
0249_S2_2019-04-23,0249,2019-04-23,S2_2019-04-23,True,1,raw,
0301_S2_2019-02-13,0301,2019-02-13,S2_2019-02-13,True,1,raw,
0331_S2_2019-03-15,0331,2019-03-15,S2_2019-03-15,True,1,raw,
62_S2_2019-03-27,62,2019-03-27,S2_2019-03-27,False,0,raw,
0308_S2_2019-03-15,0308,2019-03-15,S2_2019-03-15,True,1,raw,
0330_S2_2019-03-15,0330,2019-03-15,S2_2019-03-15,True,1,raw,
0296_S2_2019-03-15,0296,2019-03-15,S2_2019-03-15,True,1,raw,
7_S2_2019-01-12,7,2019-01-12,S2_2019-01-12,False,0,raw,
0213_S2_2019-04-04,0213,2019-04-04,S2_2019-04-04,True,1,raw,
0311_S2_2019-03-15,0311,2019-03-15,S2_2019-03-15,True,1,raw,
0024_S2_2019-01-13,0024,2019-01-13,S2_2019-01-13,False,0,raw,
0225_S2_2019-04-21,0225,2019-04-21,S2_2019-04-21,False,0,raw,
0210_S2_2019-04-04,0210,2019-04-04,S2_2019-04-04,True,1,raw,
21_S2_2019-04-24,21,2019-04-24,S2_2019-04-24,True,1,raw,
0148_S2_2019-04-16,0148,2019-04-16,S2_2019-04-16,True,1,raw,
0308_S2_2019-02-28,0308,2019-02-28,S2_2019-02-28,True,1,raw,
0079_S2_2019-02-14,0079,2019-02-14,S2_2019-02-14,False,0,raw,
0143_S2_2019-04-16,0143,2019-04-16,S2_2019-04-16,True,1,raw,
0207_S2_2019-03-25,0207,2019-03-25,S2_2019-03-25,True,1,raw,
0213_S2_2019-04-19,0213,2019-04-19,S2_2019-04-19,True,1,raw,
0077_S2_2019-02-14,0077,2019-02-14,S2_2019-02-14,False,0,raw,
0241_S2_2019-04-21,0241,2019-04-21,S2_2019-04-21,False,0,raw,
28_S2_2019-01-27,28,2019-01-27,S2_2019-01-27,False,0,raw,
1_S2_2019-03-28,1,2019-03-28,S2_2019-03-28,True,1,raw,
0157_S2_2019-04-01,0157,2019-04-01,S2_2019-04-01,True,1,raw,
0150_S2_2019-04-16,0150,2019-04-16,S2_2019-04-16,True,1,raw,
12_S2_2019-04-18,12,2019-04-18,S2_2019-04-18,True,1,raw,
9_S2_2018-12-27,9,2018-12-27,S2_2018-12-27,False,0,raw,
0200_S2_2019-04-14,0200,2019-04-14,S2_2019-04-14,True,1,raw,
0079_S2_2019-01-10,0079,2019-01-10,S2_2019-01-10,False,0,raw,
0155_S2_2019-03-12,0155,2019-03-12,S2_2019-03-12,True,1,raw,
0240_S2_2019-04-23,0240,2019-04-23,S2_2019-04-23,True,1,raw,
47_S2_2019-03-12,47,2019-03-12,S2_2019-03-12,False,0,raw,
22_S2_2019-04-18,22,2019-04-18,S2_2019-04-18,True,1,raw,
0309_S2_2019-02-13,0309,2019-02-13,S2_2019-02-13,True,1,raw,
44_S2_2019-03-09,44,2019-03-09,S2_2019-03-09,False,0,raw,
0266_S2_2019-03-17,0266,2019-03-17,S2_2019-03-17,False,0,raw,
44_S2_2019-04-23,44,2019-04-23,S2_2019-04-23,True,1,raw,
0311_S2_2019-02-13,0311,2019-02-13,S2_2019-02-13,True,1,raw,
58_S2_2019-04-23,58,2019-04-23,S2_2019-04-23,True,1,raw,
0318_S2_2019-03-15,0318,2019-03-15,S2_2019-03-15,True,1,raw,
0313_S2_2019-02-13,0313,2019-02-13,S2_2019-02-13,True,1,raw,
0162_S2_2019-02-10,0162,2019-02-10,S2_2019-02-10,False,0,raw,
0192_S2_2019-04-14,0192,2019-04-14,S2_2019-04-14,True,1,raw,
4_S2_2019-03-15,4,2019-03-15,S2_2019-03-15,True,1,raw,
0236_S2_2019-04-23,0236,2019-04-23,S2_2019-04-23,True,1,raw,
35_S2_2019-03-22,35,2019-03-22,S2_2019-03-22,False,0,raw,
0082_S2_2019-01-30,0082,2019-01-30,S2_2019-01-30,False,0,raw,
0263_S2_2019-03-02,0263,2019-03-02,S2_2019-03-02,False,0,raw,
62_S2_2019-04-23,62,2019-04-23,S2_2019-04-23,True,1,raw,
0157_S2_2019-03-12,0157,2019-03-12,S2_2019-03-12,True,1,raw,
0204_S2_2019-04-24,0204,2019-04-24,S2_2019-04-24,True,1,raw,
0238_S2_2019-03-19,0238,2019-03-19,S2_2019-03-19,False,0,raw,
0154_S2_2019-01-31,0154,2019-01-31,S2_2019-01-31,False,0,raw,
0331_S2_2019-02-13,0331,2019-02-13,S2_2019-02-13,True,1,raw,
0274_S2_2019-03-04,0274,2019-03-04,S2_2019-03-04,False,0,raw,
0332_S2_2019-02-28,0332,2019-02-28,S2_2019-02-28,True,1,raw,
0336_S2_2019-03-15,0336,2019-03-15,S2_2019-03-15,True,1,raw,
0007_S2_2019-01-29,0007,2019-01-29,S2_2019-01-29,False,0,raw,
57_S2_2019-02-11,57,2019-02-11,S2_2019-02-11,False,0,raw,
0191_S2_2019-04-04,0191,2019-04-04,S2_2019-04-04,True,1,raw,
0296_S2_2019-02-28,0296,2019-02-28,S2_2019-02-28,True,1,raw,
0188_S2_2019-04-04,0188,2019-04-04,S2_2019-04-04,True,1,raw,
0111_S2_2019-01-27,0111,2019-01-27,S2_2019-01-27,False,0,raw,
0207_S2_2019-04-19,0207,2019-04-19,S2_2019-04-19,True,1,raw,
61_S2_2019-04-14,61,2019-04-14,S2_2019-04-14,True,1,raw,
0159_S2_2019-04-06,0159,2019-04-06,S2_2019-04-06,True,1,raw,
0295_S2_2019-02-28,0295,2019-02-28,S2_2019-02-28,True,1,raw,
0336_S2_2019-02-28,0336,2019-02-28,S2_2019-02-28,True,1,raw,
0162_S2_2019-04-16,0162,2019-04-16,S2_2019-04-16,True,1,raw,
0220_S2_2019-03-25,0220,2019-03-25,S2_2019-03-25,True,1,raw,
0238_S2_2019-03-27,0238,2019-03-27,S2_2019-03-27,False,0,raw,
0042_S2_2018-12-28,0042,2018-12-28,S2_2018-12-28,False,0,raw,
0182_S2_2019-02-11,0182,2019-02-11,S2_2019-02-11,False,0,raw,
0012_S2_2019-01-24,0012,2019-01-24,S2_2019-01-24,False,0,raw,
0303_S2_2019-02-28,0303,2019-02-28,S2_2019-02-28,True,1,raw,
21_S2_2019-04-19,21,2019-04-19,S2_2019-04-19,True,1,raw,
0300_S2_2019-02-28,0300,2019-02-28,S2_2019-02-28,True,1,raw,
20_S2_2019-03-25,20,2019-03-25,S2_2019-03-25,True,1,raw,
0225_S2_2019-03-22,0225,2019-03-22,S2_2019-03-22,False,0,raw,
0191_S2_2019-02-23,0191,2019-02-23,S2_2019-02-23,False,0,raw,
0319_S2_2019-02-28,0319,2019-02-28,S2_2019-02-28,True,1,raw,
0154_S2_2019-03-12,0154,2019-03-12,S2_2019-03-12,True,1,raw,
0159_S2_2019-01-26,0159,2019-01-26,S2_2019-01-26,False,0,raw,
0213_S2_2019-03-25,0213,2019-03-25,S2_2019-03-25,True,1,raw,
0140_S2_2019-02-25,0140,2019-02-25,S2_2019-02-25,False,0,raw,
0108_S2_2019-02-11,0108,2019-02-11,S2_2019-02-11,False,0,raw,
0186_S2_2019-04-19,0186,2019-04-19,S2_2019-04-19,True,1,raw,
0303_S2_2019-01-09,0303,2019-01-09,S2_2019-01-09,False,0,raw,
0217_S2_2019-03-25,0217,2019-03-25,S2_2019-03-25,True,1,raw,
0145_S2_2019-02-25,0145,2019-02-25,S2_2019-02-25,False,0,raw,
0259_S2_2019-03-22,0259,2019-03-22,S2_2019-03-22,False,0,raw,
0328_S2_2019-02-13,0328,2019-02-13,S2_2019-02-13,True,1,raw,
0144_S2_2019-03-12,0144,2019-03-12,S2_2019-03-12,True,1,raw,
0157_S2_2019-04-16,0157,2019-04-16,S2_2019-04-16,True,1,raw,
21_S2_2019-03-25,21,2019-03-25,S2_2019-03-25,True,1,raw,
0025_S2_2019-01-28,0025,2019-01-28,S2_2019-01-28,False,0,raw,
0141_S2_2019-04-16,0141,2019-04-16,S2_2019-04-16,True,1,raw,
0332_S2_2019-02-13,0332,2019-02-13,S2_2019-02-13,True,1,raw,
0258_S2_2019-03-02,0258,2019-03-02,S2_2019-03-02,False,0,raw,
0177_S2_2019-03-28,0177,2019-03-28,S2_2019-03-28,True,1,raw,
0188_S2_2019-04-19,0188,2019-04-19,S2_2019-04-19,True,1,raw,
0193_S2_2019-04-04,0193,2019-04-04,S2_2019-04-04,True,1,raw,
21_S2_2019-04-04,21,2019-04-04,S2_2019-04-04,True,1,raw,
0258_S2_2019-03-12,0258,2019-03-12,S2_2019-03-12,False,0,raw,
0134_S2_2019-01-05,0134,2019-01-05,S2_2019-01-05,False,0,raw,
0217_S2_2019-02-13,0217,2019-02-13,S2_2019-02-13,False,0,raw,
0198_S2_2019-04-14,0198,2019-04-14,S2_2019-04-14,True,1,raw,
0137_S2_2019-03-30,0137,2019-03-30,S2_2019-03-30,True,1,raw,
0206_S2_2019-04-24,0206,2019-04-24,S2_2019-04-24,True,1,raw,
67_S2_2019-04-16,67,2019-04-16,S2_2019-04-16,True,1,raw,
0293_S2_2019-05-20,0293,2019-05-20,S2_2019-05-20,True,1,raw,
0141_S2_2019-01-31,0141,2019-01-31,S2_2019-01-31,False,0,raw,
0214_S2_2019-02-13,0214,2019-02-13,S2_2019-02-13,False,0,raw,
0321_S2_2019-03-15,0321,2019-03-15,S2_2019-03-15,True,1,raw,
0139_S2_2019-03-10,0139,2019-03-10,S2_2019-03-10,True,1,raw,
0160_S2_2019-04-01,0160,2019-04-01,S2_2019-04-01,True,1,raw,
0137_S2_2019-03-25,0137,2019-03-25,S2_2019-03-25,True,1,raw,
0001_S2_2019-02-06,0001,2019-02-06,S2_2019-02-06,False,0,raw,
data_mzymta_2021-07-01_S2_2021-07-01_tile_04,data/mzymta/2021-07-01,2021-07-01,S2_2021-07-01,False,0,mzymta,4
0335_S2_2019-01-09,0335,2019-01-09,S2_2019-01-09,False,0,raw,
0321_S2_2019-02-28,0321,2019-02-28,S2_2019-02-28,True,1,raw,
0326_S2_2019-02-13,0326,2019-02-13,S2_2019-02-13,True,1,raw,
0222_S2_2019-04-24,0222,2019-04-24,S2_2019-04-24,True,1,raw,
0154_S2_2019-04-16,0154,2019-04-16,S2_2019-04-16,True,1,raw,
0035_S2_2018-12-28,0035,2018-12-28,S2_2018-12-28,False,0,raw,
0135_S2_2019-01-05,0135,2019-01-05,S2_2019-01-05,False,0,raw,
0222_S2_2019-04-19,0222,2019-04-19,S2_2019-04-19,True,1,raw,
46_S2_2019-02-13,46,2019-02-13,S2_2019-02-13,True,1,raw,
0191_S2_2019-03-10,0191,2019-03-10,S2_2019-03-10,False,0,raw,
0169_S2_2019-02-10,0169,2019-02-10,S2_2019-02-10,False,0,raw,
0100_S2_2019-02-06,0100,2019-02-06,S2_2019-02-06,False,0,raw,
0220_S2_2019-04-24,0220,2019-04-24,S2_2019-04-24,True,1,raw,
0331_S2_2019-02-28,0331,2019-02-28,S2_2019-02-28,True,1,raw,
0206_S2_2019-04-19,0206,2019-04-19,S2_2019-04-19,True,1,raw,
0215_S2_2019-02-13,0215,2019-02-13,S2_2019-02-13,False,0,raw,
0280_S2_2019-03-19,0280,2019-03-19,S2_2019-03-19,False,0,raw,
0201_S2_2019-02-28,0201,2019-02-28,S2_2019-02-28,False,0,raw,
0215_S2_2019-04-19,0215,2019-04-19,S2_2019-04-19,True,1,raw,
0079_S2_2019-02-04,0079,2019-02-04,S2_2019-02-04,False,0,raw,
0006_S2_2019-01-16,0006,2019-01-16,S2_2019-01-16,False,0,raw,
40_S2_2019-03-12,40,2019-03-12,S2_2019-03-12,False,0,raw,
0217_S2_2019-04-04,0217,2019-04-04,S2_2019-04-04,True,1,raw,
0186_S2_2019-04-04,0186,2019-04-04,S2_2019-04-04,True,1,raw,
0059_S2_2019-01-27,0059,2019-01-27,S2_2019-01-27,False,0,raw,
0059_S2_2018-12-28,0059,2018-12-28,S2_2018-12-28,False,0,raw,
0162_S2_2019-01-31,0162,2019-01-31,S2_2019-01-31,False,0,raw,
data_mzymta_2021-12-03_S2_2021-12-03_tile_02,data/mzymta/2021-12-03,2021-12-03,S2_2021-12-03,False,0,mzymta,2
0118_S2_2019-01-24,0118,2019-01-24,S2_2019-01-24,False,0,raw,
45_S2_2019-01-24,45,2019-01-24,S2_2019-01-24,False,0,raw,
0221_S2_2019-04-24,0221,2019-04-24,S2_2019-04-24,True,1,raw,
0318_S2_2019-02-28,0318,2019-02-28,S2_2019-02-28,True,1,raw,
0295_S2_2019-03-15,0295,2019-03-15,S2_2019-03-15,True,1,raw,
0218_S2_2019-04-19,0218,2019-04-19,S2_2019-04-19,True,1,raw,
0309_S2_2019-02-28,0309,2019-02-28,S2_2019-02-28,True,1,raw,
0166_S2_2019-04-16,0166,2019-04-16,S2_2019-04-16,True,1,raw,
0199_S2_2019-02-28,0199,2019-02-28,S2_2019-02-28,False,0,raw,
0218_S2_2019-03-25,0218,2019-03-25,S2_2019-03-25,True,1,raw,
0012_S2_2019-01-14,0012,2019-01-14,S2_2019-01-14,False,0,raw,
6_S2_2019-02-28,6,2019-02-28,S2_2019-02-28,True,1,raw,
0123_S2_2019-01-31,0123,2019-01-31,S2_2019-01-31,False,0,raw,
0088_S2_2019-01-05,0088,2019-01-05,S2_2019-01-05,False,0,raw,
data_mzymta_2021-12-13_S2_2021-12-13_tile_04,data/mzymta/2021-12-13,2021-12-13,S2_2021-12-13,True,1,mzymta,4
0187_S2_2019-04-04,0187,2019-04-04,S2_2019-04-04,True,1,raw,
0273_S2_2019-03-22,0273,2019-03-22,S2_2019-03-22,False,0,raw,
0225_S2_2019-04-23,0225,2019-04-23,S2_2019-04-23,True,1,raw,
19_S2_2019-04-23,19,2019-04-23,S2_2019-04-23,True,1,raw,
0158_S2_2019-04-16,0158,2019-04-16,S2_2019-04-16,True,1,raw,
0210_S2_2019-04-24,0210,2019-04-24,S2_2019-04-24,True,1,raw,
0015_S2_2019-02-03,0015,2019-02-03,S2_2019-02-03,False,0,raw,
0171_S2_2019-02-27,0171,2019-02-27,S2_2019-02-27,False,0,raw,
0138_S2_2019-03-10,0138,2019-03-10,S2_2019-03-10,True,1,raw,
0210_S2_2019-04-19,0210,2019-04-19,S2_2019-04-19,True,1,raw,
0186_S2_2019-02-13,0186,2019-02-13,S2_2019-02-13,False,0,raw,
0122_S2_2019-02-10,0122,2019-02-10,S2_2019-02-10,False,0,raw,
0275_S2_2019-03-02,0275,2019-03-02,S2_2019-03-02,False,0,raw,
0011_S2_2019-01-14,0011,2019-01-14,S2_2019-01-14,False,0,raw,
0273_S2_2019-02-25,0273,2019-02-25,S2_2019-02-25,False,0,raw,
0212_S2_2019-04-24,0212,2019-04-24,S2_2019-04-24,True,1,raw,
0077_S2_2019-01-30,0077,2019-01-30,S2_2019-01-30,False,0,raw,
0124_S2_2018-12-15,0124,2018-12-15,S2_2018-12-15,False,0,raw,
36_S2_2018-12-28,36,2018-12-28,S2_2018-12-28,False,0,raw,
35_S2_2019-03-19,35,2019-03-19,S2_2019-03-19,False,0,raw,
8_S2_2019-02-25,8,2019-02-25,S2_2019-02-25,False,0,raw,
0018_S2_2019-01-29,0018,2019-01-29,S2_2019-01-29,False,0,raw,
67_S2_2019-01-31,67,2019-01-31,S2_2019-01-31,False,0,raw,
61_S2_2019-04-24,61,2019-04-24,S2_2019-04-24,True,1,raw,
0013_S2_2018-12-30,0013,2018-12-30,S2_2018-12-30,False,0,raw,
15_S2_2019-02-23,15,2019-02-23,S2_2019-02-23,False,0,raw,
0310_S2_2019-02-28,0310,2019-02-28,S2_2019-02-28,True,1,raw,
0296_S2_2019-02-13,0296,2019-02-13,S2_2019-02-13,True,1,raw,
0048_S2_2018-12-28,0048,2018-12-28,S2_2018-12-28,False,0,raw,
0134_S2_2019-01-15,0134,2019-01-15,S2_2019-01-15,False,0,raw,
0303_S2_2019-02-13,0303,2019-02-13,S2_2019-02-13,True,1,raw,
0323_S2_2019-02-28,0323,2019-02-28,S2_2019-02-28,True,1,raw,
32_S2_2019-02-28,32,2019-02-28,S2_2019-02-28,True,1,raw,
0324_S2_2019-02-13,0324,2019-02-13,S2_2019-02-13,True,1,raw,
11_S2_2019-03-12,11,2019-03-12,S2_2019-03-12,True,1,raw,
0122_S2_2019-01-31,0122,2019-01-31,S2_2019-01-31,False,0,raw,
27_S2_2019-04-23,27,2019-04-23,S2_2019-04-23,True,1,raw,
0230_S2_2019-03-17,0230,2019-03-17,S2_2019-03-17,False,0,raw,
25_S2_2019-05-20,25,2019-05-20,S2_2019-05-20,True,1,raw,
0277_S2_2019-03-17,0277,2019-03-17,S2_2019-03-17,False,0,raw,
0212_S2_2019-04-19,0212,2019-04-19,S2_2019-04-19,True,1,raw,
0149_S2_2019-04-06,0149,2019-04-06,S2_2019-04-06,True,1,raw,
0025_S2_2019-01-23,0025,2019-01-23,S2_2019-01-23,False,0,raw,
0081_S2_2019-02-14,0081,2019-02-14,S2_2019-02-14,False,0,raw,
0310_S2_2019-02-13,0310,2019-02-13,S2_2019-02-13,True,1,raw,
0198_S2_2019-02-23,0198,2019-02-23,S2_2019-02-23,False,0,raw,
0188_S2_2019-04-14,0188,2019-04-14,S2_2019-04-14,True,1,raw,
0309_S2_2019-03-15,0309,2019-03-15,S2_2019-03-15,True,1,raw,
66_S2_2019-03-17,66,2019-03-17,S2_2019-03-17,False,0,raw,
0133_S2_2019-01-10,0133,2019-01-10,S2_2019-01-10,False,0,raw,
0098_S2_2019-02-06,0098,2019-02-06,S2_2019-02-06,False,0,raw,
0074_S2_2019-01-05,0074,2019-01-05,S2_2019-01-05,False,0,raw,
0305_S2_2019-02-28,0305,2019-02-28,S2_2019-02-28,True,1,raw,
21_S2_2019-03-10,21,2019-03-10,S2_2019-03-10,False,0,raw,
data_mzymta_2023-07-14_S2_2023-07-14_tile_02,data/mzymta/2023-07-14,2023-07-14,S2_2023-07-14,True,1,mzymta,2
0_S2_2019-02-25,0,2019-02-25,S2_2019-02-25,False,0,raw,
0143_S2_2019-03-12,0143,2019-03-12,S2_2019-03-12,True,1,raw,
0170_S2_2019-02-02,0170,2019-02-02,S2_2019-02-02,False,0,raw,
0248_S2_2019-03-09,0248,2019-03-09,S2_2019-03-09,False,0,raw,
0336_S2_2019-02-13,0336,2019-02-13,S2_2019-02-13,True,1,raw,
0192_S2_2019-04-24,0192,2019-04-24,S2_2019-04-24,True,1,raw,
0145_S2_2019-04-16,0145,2019-04-16,S2_2019-04-16,True,1,raw,
0193_S2_2019-04-14,0193,2019-04-14,S2_2019-04-14,True,1,raw,
0198_S2_2019-04-24,0198,2019-04-24,S2_2019-04-24,True,1,raw,
16_S2_2019-04-24,16,2019-04-24,S2_2019-04-24,True,1,raw,
0247_S2_2019-03-17,0247,2019-03-17,S2_2019-03-17,False,0,raw,
0327_S2_2019-02-28,0327,2019-02-28,S2_2019-02-28,True,1,raw,
0007_S2_2018-12-25,0007,2018-12-25,S2_2018-12-25,False,0,raw,
0167_S2_2019-04-01,0167,2019-04-01,S2_2019-04-01,True,1,raw,
0161_S2_2019-04-16,0161,2019-04-16,S2_2019-04-16,True,1,raw,
0323_S2_2019-02-13,0323,2019-02-13,S2_2019-02-13,True,1,raw,
0149_S2_2019-02-25,0149,2019-02-25,S2_2019-02-25,False,0,raw,
0328_S2_2019-02-28,0328,2019-02-28,S2_2019-02-28,True,1,raw,
30_S2_2019-01-29,30,2019-01-29,S2_2019-01-29,False,0,raw,
0060_S2_2019-02-04,0060,2019-02-04,S2_2019-02-04,False,0,raw,
0084_S2_2019-01-30,0084,2019-01-30,S2_2019-01-30,False,0,raw,
0171_S2_2019-04-13,0171,2019-04-13,S2_2019-04-13,True,1,raw,
0287_S2_2019-03-07,0287,2019-03-07,S2_2019-03-07,False,0,raw,
0014_S2_2019-01-09,0014,2019-01-09,S2_2019-01-09,False,0,raw,
41_S2_2019-02-01,41,2019-02-01,S2_2019-02-01,False,0,raw,
0057_S2_2018-12-28,0057,2018-12-28,S2_2018-12-28,False,0,raw,
0266_S2_2019-02-25,0266,2019-02-25,S2_2019-02-25,False,0,raw,
0323_S2_2019-03-15,0323,2019-03-15,S2_2019-03-15,True,1,raw,
3_S2_2019-03-22,3,2019-03-22,S2_2019-03-22,False,0,raw,
0329_S2_2019-03-15,0329,2019-03-15,S2_2019-03-15,True,1,raw,
data_mzymta_2021-12-13_S2_2021-12-13_tile_05,data/mzymta/2021-12-13,2021-12-13,S2_2021-12-13,True,1,mzymta,5
0207_S2_2019-02-13,0207,2019-02-13,S2_2019-02-13,False,0,raw,
0108_S2_2019-01-27,0108,2019-01-27,S2_2019-01-27,False,0,raw,
data_mzymta_2021-07-01_S2_2021-07-01_tile_02,data/mzymta/2021-07-01,2021-07-01,S2_2021-07-01,False,0,mzymta,2
0333_S2_2019-02-28,0333,2019-02-28,S2_2019-02-28,True,1,raw,
0285_S2_2019-02-25,0285,2019-02-25,S2_2019-02-25,False,0,raw,
0240_S2_2019-03-09,0240,2019-03-09,S2_2019-03-09,False,0,raw,
0255_S2_2019-03-02,0255,2019-03-02,S2_2019-03-02,False,0,raw,
15_S2_2019-04-24,15,2019-04-24,S2_2019-04-24,True,1,raw,
29_S2_2018-12-26,29,2018-12-26,S2_2018-12-26,False,0,raw,
0214_S2_2019-02-23,0214,2019-02-23,S2_2019-02-23,False,0,raw,
0218_S2_2019-04-04,0218,2019-04-04,S2_2019-04-04,True,1,raw,
0059_S2_2019-01-12,0059,2019-01-12,S2_2019-01-12,False,0,raw,
0300_S2_2019-02-13,0300,2019-02-13,S2_2019-02-13,True,1,raw,
0174_S2_2019-04-18,0174,2019-04-18,S2_2019-04-18,True,1,raw,
0223_S2_2019-03-12,0223,2019-03-12,S2_2019-03-12,False,0,raw,
0161_S2_2019-04-01,0161,2019-04-01,S2_2019-04-01,True,1,raw,
0080_S2_2019-01-05,0080,2019-01-05,S2_2019-01-05,False,0,raw,
40_S2_2019-03-04,40,2019-03-04,S2_2019-03-04,False,0,raw,
0106_S2_2019-01-22,0106,2019-01-22,S2_2019-01-22,False,0,raw,
0187_S2_2019-04-24,0187,2019-04-24,S2_2019-04-24,True,1,raw,
0335_S2_2019-03-15,0335,2019-03-15,S2_2019-03-15,True,1,raw,
0254_S2_2019-03-12,0254,2019-03-12,S2_2019-03-12,False,0,raw,
0286_S2_2019-03-07,0286,2019-03-07,S2_2019-03-07,False,0,raw,
43_S2_2019-03-25,43,2019-03-25,S2_2019-03-25,True,1,raw,
0146_S2_2019-03-12,0146,2019-03-12,S2_2019-03-12,True,1,raw,
0001_S2_2019-02-01,0001,2019-02-01,S2_2019-02-01,False,0,raw,
0277_S2_2019-03-09,0277,2019-03-09,S2_2019-03-09,False,0,raw,
0229_S2_2019-03-17,0229,2019-03-17,S2_2019-03-17,False,0,raw,
0090_S2_2018-12-13,0090,2018-12-13,S2_2018-12-13,False,0,raw,
0151_S2_2019-04-16,0151,2019-04-16,S2_2019-04-16,True,1,raw,
0235_S2_2019-04-08,0235,2019-04-08,S2_2019-04-08,False,0,raw,
0084_S2_2018-12-31,0084,2018-12-31,S2_2018-12-31,False,0,raw,
51_S2_2019-03-15,51,2019-03-15,S2_2019-03-15,True,1,raw,
0131_S2_2018-12-16,0131,2018-12-16,S2_2018-12-16,False,0,raw,
8_S2_2019-03-02,8,2019-03-02,S2_2019-03-02,False,0,raw,
0246_S2_2019-03-27,0246,2019-03-27,S2_2019-03-27,False,0,raw,
28_S2_2018-12-13,28,2018-12-13,S2_2018-12-13,False,0,raw,
0245_S2_2019-04-23,0245,2019-04-23,S2_2019-04-23,True,1,raw,
0149_S2_2019-04-16,0149,2019-04-16,S2_2019-04-16,True,1,raw,
0295_S2_2019-01-09,0295,2019-01-09,S2_2019-01-09,False,0,raw,
0320_S2_2019-03-15,0320,2019-03-15,S2_2019-03-15,True,1,raw,
0319_S2_2019-03-15,0319,2019-03-15,S2_2019-03-15,True,1,raw,
22_S2_2019-04-13,22,2019-04-13,S2_2019-04-13,True,1,raw,
0196_S2_2019-02-28,0196,2019-02-28,S2_2019-02-28,False,0,raw,
61_S2_2019-04-04,61,2019-04-04,S2_2019-04-04,True,1,raw,
0334_S2_2019-02-28,0334,2019-02-28,S2_2019-02-28,True,1,raw,
