epoch,train_loss,train_accuracy,val_loss,val_accuracy,val_precision,val_recall,val_f1,val_roc_auc
1,0.6877481641626,0.5789473684210527,0.6830999683798029,0.6179775280898876,0.574468085106383,0.9101123595505618,0.7043478260869566,0.7221310440600934
2,0.6710330050690729,0.5488721804511278,0.6737914701526084,0.702247191011236,0.6698113207547169,0.797752808988764,0.7282051282051282,0.7342507259184448
3,0.6691282785924754,0.631578947368421,0.6834682246272483,0.5955056179775281,0.6307692307692307,0.4606741573033708,0.5324675324675324,0.7107688423178892
4,0.6611262452333493,0.6484962406015038,0.6624350855859478,0.6629213483146067,0.6593406593406593,0.6741573033707865,0.6666666666666666,0.7367756596389345
5,0.6484234467484897,0.6616541353383458,0.6571608534019985,0.6966292134831461,0.6548672566371682,0.8314606741573034,0.7326732673267327,0.7423305138240122
6,0.6520511490061767,0.6484962406015038,0.6547480821609497,0.6910112359550562,0.6666666666666666,0.7640449438202247,0.7120418848167539,0.7457391743466734
7,0.6375915582914998,0.7048872180451128,0.6464124281754654,0.6910112359550562,0.673469387755102,0.7415730337078652,0.7058823529411765,0.7391743466733999
8,0.6460869357101899,0.6522556390977443,0.6577016537109118,0.6910112359550562,0.673469387755102,0.7415730337078652,0.7058823529411765,0.7456129276606489
9,0.6265339790878439,0.6729323308270677,0.647979041163841,0.7078651685393258,0.6831683168316832,0.7752808988764045,0.7263157894736842,0.7447292008584775
10,0.6248217843528977,0.6992481203007519,0.6589994852462512,0.6853932584269663,0.6774193548387096,0.7078651685393258,0.6923076923076923,0.7318520388839793
11,0.6268132821957868,0.6842105263157895,0.6374590986230401,0.7247191011235955,0.717391304347826,0.7415730337078652,0.7292817679558011,0.7511677818457265
12,0.6155271081996143,0.6823308270676691,0.6616545111945505,0.6797752808988764,0.66,0.7415730337078652,0.6984126984126984,0.7255397045827546
13,0.6113467960429371,0.6917293233082706,0.6228333778595656,0.702247191011236,0.6698113207547169,0.797752808988764,0.7282051282051282,0.7584900896351471
14,0.6121302829649216,0.7030075187969925,0.6297502966409319,0.6853932584269663,0.6701030927835051,0.7303370786516854,0.6989247311827957,0.7521777553339225
15,0.6186956884269428,0.6672932330827067,0.6306646767626988,0.6966292134831461,0.6635514018691588,0.797752808988764,0.7244897959183674,0.7581113495770736
16,0.6097945328941918,0.693609022556391,0.6518473625183105,0.6966292134831461,0.6966292134831461,0.6966292134831461,0.6966292134831461,0.7329882590581998
17,0.5993269229293766,0.7086466165413534,0.6448239476493235,0.6853932584269663,0.6813186813186813,0.6966292134831461,0.6888888888888889,0.7256659512687791
18,0.5966510983338034,0.674812030075188,0.6323608381024907,0.6966292134831461,0.6732673267326733,0.7640449438202247,0.7157894736842105,0.7406893069056937
19,0.5952885307763752,0.6954887218045113,0.6125487544563379,0.6910112359550562,0.6770833333333334,0.7303370786516854,0.7027027027027027,0.7571013760888776
20,0.5979412211511368,0.693609022556391,0.6452834525804841,0.6910112359550562,0.6976744186046512,0.6741573033707865,0.6857142857142857,0.7515465219038
21,0.5794618792999956,0.7124060150375939,0.6465827367278967,0.6797752808988764,0.6454545454545455,0.797752808988764,0.7135678391959799,0.7237722509784119
22,0.5957234985846326,0.6804511278195489,0.637707745091299,0.7247191011235955,0.7040816326530612,0.7752808988764045,0.7379679144385026,0.750789041787653
23,0.5998491600043792,0.6992481203007519,0.6260790195357934,0.6741573033707865,0.6962025316455697,0.6179775280898876,0.6547619047619048,0.7519252619618735
24,0.5932740466038984,0.706766917293233,0.6024712692485766,0.7078651685393258,0.7078651685393258,0.7078651685393258,0.7078651685393258,0.774397172074233
25,0.5793812884423966,0.7180451127819549,0.6265561219011799,0.6966292134831461,0.6732673267326733,0.7640449438202247,0.7157894736842105,0.7572276227749022
26,0.5905088679234785,0.7011278195488722,0.6273633335413558,0.702247191011236,0.7,0.7078651685393258,0.7039106145251397,0.7509152884736775
27,0.603338707210426,0.7218045112781954,0.625243457515588,0.6966292134831461,0.6923076923076923,0.7078651685393258,0.7,0.7622774902158818
28,0.5919280072352043,0.6860902255639098,0.59690571902843,0.6797752808988764,0.6632653061224489,0.7303370786516854,0.6951871657754011,0.7722509784118166
29,0.5936531272149623,0.6729323308270677,0.5922479475482126,0.6797752808988764,0.66,0.7415730337078652,0.6984126984126984,0.7804570130034086
30,0.5972784815874315,0.6823308270676691,0.6145198150966944,0.7247191011235955,0.7127659574468085,0.7528089887640449,0.73224043715847,0.7730084585279635
31,0.5853170837674823,0.706766917293233,0.6446815059426125,0.6741573033707865,0.6741573033707865,0.6741573033707865,0.6741573033707865,0.7438454740563061
32,0.5893137907623348,0.693609022556391,0.6208047096648913,0.6966292134831461,0.7160493827160493,0.651685393258427,0.6823529411764706,0.758490089635147
33,0.5878176980448845,0.6898496240601504,0.6149599572245994,0.6966292134831461,0.7058823529411765,0.6741573033707865,0.6896551724137931,0.7688423178891554
34,0.5758924562680093,0.7406015037593985,0.5858681282300627,0.6853932584269663,0.6736842105263158,0.7191011235955056,0.6956521739130435,0.789546774397172
35,0.5853587133543832,0.6917293233082706,0.5945061599270681,0.7134831460674157,0.7021276595744681,0.7415730337078652,0.7213114754098361,0.7817194798636535
36,0.5628169190166588,0.731203007518797,0.6185971511883682,0.6797752808988764,0.7051282051282052,0.6179775280898876,0.6586826347305389,0.7536927155662163
37,0.5680665467914782,0.7218045112781954,0.5962040370769714,0.7078651685393258,0.7126436781609196,0.6966292134831461,0.7045454545454546,0.7774270925388209
38,0.574158703922329,0.7180451127819549,0.6266374293338047,0.7078651685393258,0.7078651685393258,0.7078651685393258,0.7078651685393258,0.7722509784118167
39,0.5860701602204401,0.7011278195488722,0.5971207109729896,0.6966292134831461,0.7397260273972602,0.6067415730337079,0.6666666666666666,0.7779320792829189
40,0.5811147611392172,0.7011278195488722,0.6234619309393208,0.6966292134831461,0.7464788732394366,0.5955056179775281,0.6625,0.7677060977149349
41,0.5622099978583199,0.7030075187969925,0.6336316258719797,0.7078651685393258,0.6947368421052632,0.7415730337078652,0.717391304347826,0.7584900896351471
42,0.5663407610771352,0.7030075187969925,0.5980826716744498,0.6966292134831461,0.6767676767676768,0.7528089887640449,0.7127659574468085,0.7769221057947229
43,0.5643074646928257,0.7142857142857143,0.6407680632023329,0.7078651685393258,0.7176470588235294,0.6853932584269663,0.7011494252873564,0.7478853680090898
44,0.5627503460063074,0.7142857142857143,0.6291232711813423,0.7191011235955056,0.7241379310344828,0.7078651685393258,0.7159090909090909,0.77262971846989
45,0.5803919434547424,0.7199248120300752,0.6487267747353972,0.6573033707865169,0.6521739130434783,0.6741573033707865,0.6629834254143646,0.7283171316752934
46,0.5581301148224594,0.706766917293233,0.5720351773701357,0.6797752808988764,0.6509433962264151,0.7752808988764045,0.7076923076923077,0.7959853553844212
47,0.5766598492636716,0.7161654135338346,0.5799599309985557,0.7303370786516854,0.7252747252747253,0.7415730337078652,0.7333333333333333,0.8004039893952783
48,0.5581818875065423,0.7349624060150376,0.5775420069694519,0.7191011235955056,0.7241379310344828,0.7078651685393258,0.7159090909090909,0.7916929680595884
49,0.5727784709822863,0.6879699248120301,0.5801402477735884,0.7134831460674157,0.7261904761904762,0.6853932584269663,0.7052023121387283,0.7829819467238985
50,0.5491481936515722,0.7330827067669173,0.6127789757224951,0.6853932584269663,0.6736842105263158,0.7191011235955056,0.6956521739130435,0.7640449438202247
51,0.5576929396256468,0.6973684210526315,0.5907464268502225,0.7134831460674157,0.7159090909090909,0.7078651685393258,0.711864406779661,0.7796995328872618
52,0.5446048289313352,0.7293233082706767,0.5863092668940512,0.7134831460674157,0.7261904761904762,0.6853932584269663,0.7052023121387283,0.7879055674788537
53,0.5603683451960858,0.731203007518797,0.6327800241748939,0.6910112359550562,0.6931818181818182,0.6853932584269663,0.6892655367231638,0.7365231662668855
54,0.5496119785129576,0.7462406015037594,0.5602204833137855,0.7247191011235955,0.7127659574468085,0.7528089887640449,0.73224043715847,0.8108824643353112
55,0.5664460753139696,0.6954887218045113,0.6236738281303578,0.6853932584269663,0.7088607594936709,0.6292134831460674,0.6666666666666666,0.7695997980053024
56,0.5477214773794762,0.7387218045112782,0.5805989959266749,0.7191011235955056,0.7191011235955056,0.7191011235955056,0.7191011235955056,0.7879055674788535
57,0.5779656126983184,0.6973684210526315,0.6090540336758903,0.7134831460674157,0.7111111111111111,0.7191011235955056,0.7150837988826816,0.7809619997475067
58,0.5512033866760426,0.7330827067669173,0.5675669011105312,0.7191011235955056,0.7241379310344828,0.7078651685393258,0.7159090909090909,0.8015402095694988
59,0.5493170748975941,0.7293233082706767,0.5681166668956199,0.6966292134831461,0.6732673267326733,0.7640449438202247,0.7157894736842105,0.8005302360813028
60,0.5559904837518707,0.7406015037593985,0.6305214119761178,0.6910112359550562,0.7023809523809523,0.6629213483146067,0.6820809248554913,0.7534402221941674
61,0.5671869570151308,0.7011278195488722,0.5616808111747998,0.7303370786516854,0.7252747252747253,0.7415730337078652,0.7333333333333333,0.7956066153263477
62,0.5482412097149325,0.7255639097744361,0.6209137258904703,0.7415730337078652,0.7529411764705882,0.7191011235955056,0.735632183908046,0.7648024239363717
63,0.5419646181110153,0.7274436090225563,0.5648054996233308,0.6910112359550562,0.6808510638297872,0.7191011235955056,0.6994535519125683,0.7929554349198333
64,0.5394784306225023,0.7368421052631579,0.6065005164467887,0.7134831460674157,0.7209302325581395,0.6966292134831461,0.7085714285714285,0.7745234187602575
65,0.5638729293543593,0.7180451127819549,0.6113864504889156,0.7359550561797753,0.7333333333333333,0.7415730337078652,0.7374301675977654,0.7743971720742331
66,0.5483245065337733,0.7255639097744361,0.5914031722572413,0.7134831460674157,0.6979166666666666,0.7528089887640449,0.7243243243243244,0.7725034717838656
67,0.567509442791903,0.7199248120300752,0.6372171278749958,0.6797752808988764,0.6777777777777778,0.6853932584269663,0.6815642458100558,0.7502840550435551
68,0.5409747200800961,0.7293233082706767,0.5690174323789189,0.7247191011235955,0.7325581395348837,0.7078651685393258,0.72,0.7967428355005681
69,0.5418999578271594,0.7180451127819549,0.5691936324151714,0.7078651685393258,0.6989247311827957,0.7303370786516854,0.7142857142857143,0.7986365357909355
70,0.544502459970632,0.7462406015037594,0.605914239133342,0.7247191011235955,0.7777777777777778,0.6292134831460674,0.6956521739130435,0.7882843075369271
71,0.5486406800442172,0.7142857142857143,0.5724347575326983,0.7191011235955056,0.7349397590361446,0.6853932584269663,0.7093023255813954,0.8022976896856456
72,0.5412252879232392,0.7199248120300752,0.55604978491751,0.7191011235955056,0.696969696969697,0.7752808988764045,0.7340425531914894,0.8022976896856457
73,0.5471607312223965,0.7161654135338346,0.5995829721515098,0.702247191011236,0.6875,0.7415730337078652,0.7135135135135136,0.7706097714934983
74,0.5359884316759899,0.7481203007518797,0.5533237919378816,0.7078651685393258,0.6947368421052632,0.7415730337078652,0.717391304347826,0.8074738038126499
75,0.5786361685372833,0.7218045112781954,0.5845834914218174,0.7247191011235955,0.717391304347826,0.7415730337078652,0.7292817679558011,0.797752808988764
76,0.5503852893983511,0.7142857142857143,0.6027854493494784,0.7078651685393258,0.6947368421052632,0.7415730337078652,0.717391304347826,0.7776795859108698
77,0.5367928864364337,0.7274436090225563,0.6390392485629307,0.6966292134831461,0.6767676767676768,0.7528089887640449,0.7127659574468085,0.7491478348693346
78,0.5295309608143971,0.7349624060150376,0.5549528190259183,0.7303370786516854,0.735632183908046,0.7191011235955056,0.7272727272727273,0.807221310440601
79,0.5424742008510389,0.7142857142857143,0.5507760757810614,0.6966292134831461,0.6732673267326733,0.7640449438202247,0.7157894736842105,0.8158060850902664
80,0.534235610101456,0.7293233082706767,0.6265019124813294,0.6910112359550562,0.6808510638297872,0.7191011235955056,0.6994535519125683,0.7499053149854816
81,0.520731635783848,0.7481203007518797,0.6133257284593047,0.7134831460674157,0.6862745098039216,0.7865168539325843,0.7329842931937173,0.7677060977149349
82,0.5461234898495495,0.7199248120300752,0.5482981566632732,0.7134831460674157,0.6862745098039216,0.7865168539325843,0.7329842931937173,0.8190884989269032
83,0.5414210376434756,0.7406015037593985,0.5779047213243634,0.7134831460674157,0.6938775510204082,0.7640449438202247,0.7272727272727273,0.7881580608509028
84,0.5561662818256178,0.7255639097744361,0.5884132505802626,0.6910112359550562,0.6847826086956522,0.7078651685393258,0.6961325966850829,0.7947228885241762
85,0.5438097480096316,0.7368421052631579,0.5549618220061399,0.6910112359550562,0.6666666666666666,0.7640449438202247,0.7120418848167539,0.8101249842191642
86,0.5289346721387447,0.7349624060150376,0.5825988429315975,0.6910112359550562,0.7073170731707317,0.651685393258427,0.6783625730994152,0.7908092412574169
87,0.5423475943113628,0.7274436090225563,0.5835549268829688,0.7247191011235955,0.7,0.7865168539325843,0.7407407407407407,0.8020451963135968
88,0.5677023377633632,0.6992481203007519,0.5649914701333206,0.7247191011235955,0.75,0.6741573033707865,0.7100591715976331,0.7924504481757354
89,0.5502648526116422,0.7387218045112782,0.6041339006316796,0.6853932584269663,0.6736842105263158,0.7191011235955056,0.6956521739130435,0.7803307663173842
90,0.5275655218533107,0.7349624060150376,0.5638116718677992,0.7303370786516854,0.735632183908046,0.7191011235955056,0.7272727272727273,0.8035601565458907
91,0.5368784652616745,0.7218045112781954,0.6026745110415341,0.7191011235955056,0.693069306930693,0.7865168539325843,0.7368421052631579,0.7827294533518495
92,0.5274343817753899,0.7612781954887218,0.580279974455244,0.7191011235955056,0.7096774193548387,0.7415730337078652,0.7252747252747253,0.7947228885241763
93,0.5130978307329622,0.7556390977443609,0.5429853616135843,0.702247191011236,0.68,0.7640449438202247,0.7195767195767195,0.8170685519505112
94,0.5267229133978822,0.7349624060150376,0.5590519503261266,0.702247191011236,0.68,0.7640449438202247,0.7195767195767195,0.8041913899760131
95,0.5257818075947296,0.7349624060150376,0.541705127512471,0.702247191011236,0.6956521739130435,0.7191011235955056,0.7071823204419889,0.8179522787526827
96,0.5359466707796082,0.7180451127819549,0.542305070362734,0.7303370786516854,0.6952380952380952,0.8202247191011236,0.7525773195876289,0.8130286579977275
97,0.5263431152903048,0.7424812030075187,0.5564624539921793,0.7191011235955056,0.7241379310344828,0.7078651685393258,0.7159090909090909,0.7948491352102007
98,0.5367191828283152,0.7349624060150376,0.555767944689547,0.7359550561797753,0.7282608695652174,0.7528089887640449,0.7403314917127072,0.8086100239868703
99,0.5215090930013728,0.7387218045112782,0.5714702941058727,0.7191011235955056,0.7349397590361446,0.6853932584269663,0.7093023255813954,0.8049488700921601
100,0.5272296640209686,0.7236842105263158,0.5852107385571084,0.7303370786516854,0.7157894736842105,0.7640449438202247,0.7391304347826086,0.7971215755586416
101,0.525083095059359,0.7330827067669173,0.5490758104270763,0.7303370786516854,0.7204301075268817,0.7528089887640449,0.7362637362637363,0.8180785254387072
102,0.5314095293668876,0.7274436090225563,0.5424812482983878,0.7303370786516854,0.7303370786516854,0.7303370786516854,0.7303370786516854,0.8121449311955561
103,0.519574719264095,0.7556390977443609,0.5414898562967108,0.7191011235955056,0.7010309278350515,0.7640449438202247,0.7311827956989247,0.8120186845095316
104,0.5342031062993788,0.7443609022556391,0.6035907415861494,0.6966292134831461,0.6842105263157895,0.7303370786516854,0.7065217391304348,0.7727559651559147
105,0.5210193088628295,0.7593984962406015,0.6004894107915042,0.7078651685393258,0.7032967032967034,0.7191011235955056,0.7111111111111111,0.7851281403863148
106,0.5210868982892287,0.731203007518797,0.5335994248979548,0.7303370786516854,0.711340206185567,0.7752808988764045,0.7419354838709677,0.8129024113117032
107,0.5200175837914747,0.7274436090225563,0.5479012660765916,0.7134831460674157,0.6826923076923077,0.797752808988764,0.7357512953367875,0.8132811513697765
108,0.5183449017822295,0.7537593984962406,0.5438657824912768,0.702247191011236,0.6836734693877551,0.7528089887640449,0.7165775401069518,0.8156798384042419
109,0.5080382933742121,0.7575187969924813,0.5502762178356728,0.7191011235955056,0.7407407407407407,0.6741573033707865,0.7058823529411765,0.8053276101502336
110,0.5309275383115711,0.7518796992481203,0.5610787975654173,0.7191011235955056,0.7052631578947368,0.7528089887640449,0.7282608695652174,0.8097462441610908
111,0.5442112504987788,0.7105263157894737,0.5813054469194305,0.7191011235955056,0.7096774193548387,0.7415730337078652,0.7252747252747253,0.7977528089887641
112,0.5197731677750895,0.7387218045112782,0.5833452471186605,0.7191011235955056,0.7096774193548387,0.7415730337078652,0.7252747252747253,0.7921979548036865
113,0.5084901998813888,0.7612781954887218,0.6055061951112212,0.7247191011235955,0.717391304347826,0.7415730337078652,0.7292817679558011,0.8006564827673274
114,0.5149730363286528,0.7631578947368421,0.5379179140155235,0.7191011235955056,0.7096774193548387,0.7415730337078652,0.7252747252747253,0.8289357404368135
115,0.5293795887688945,0.7443609022556391,0.6185363758815808,0.7134831460674157,0.6862745098039216,0.7865168539325843,0.7329842931937173,0.7719984850397676
116,0.5398197989714774,0.7124060150375939,0.539422351322817,0.7191011235955056,0.693069306930693,0.7865168539325843,0.7368421052631579,0.8135336447418255
117,0.5189395941289744,0.7387218045112782,0.5409083138690906,0.7191011235955056,0.7010309278350515,0.7640449438202247,0.7311827956989247,0.822875899507638
118,0.5270800639812211,0.7387218045112782,0.5551295816228631,0.7078651685393258,0.6831683168316832,0.7752808988764045,0.7263157894736842,0.8171947986365358
119,0.5226992144620508,0.7406015037593985,0.552558312255345,0.6910112359550562,0.6666666666666666,0.7640449438202247,0.7120418848167539,0.805453856836258
120,0.5143135768130309,0.75,0.5456394707218984,0.7134831460674157,0.6862745098039216,0.7865168539325843,0.7329842931937173,0.8026764297437192
121,0.510753015378364,0.7518796992481203,0.5977451680751329,0.6853932584269663,0.6813186813186813,0.6966292134831461,0.6888888888888889,0.7809619997475066
122,0.5014196782183826,0.7669172932330827,0.5912469652261627,0.702247191011236,0.6636363636363637,0.8202247191011236,0.7336683417085427,0.7764171190506249
123,0.5330188301272858,0.7274436090225563,0.5381562281190679,0.7078651685393258,0.6831683168316832,0.7752808988764045,0.7263157894736842,0.8134073980558011
124,0.5103264919349125,0.7462406015037594,0.5388196894292081,0.7191011235955056,0.6893203883495146,0.797752808988764,0.7395833333333334,0.8141648781719479
125,0.5052579036332611,0.7650375939849624,0.5592301092790753,0.7134831460674157,0.6610169491525424,0.8764044943820225,0.7536231884057971,0.7986365357909355
126,0.5158735235830895,0.7669172932330827,0.5420766814371173,0.7303370786516854,0.711340206185567,0.7752808988764045,0.7419354838709677,0.8149223582880949
127,0.5250916312959858,0.7443609022556391,0.5672633112146613,0.7134831460674157,0.69,0.7752808988764045,0.7301587301587301,0.7949753818962253
128,0.5309068078833415,0.7518796992481203,0.583014867278967,0.7134831460674157,0.6938775510204082,0.7640449438202247,0.7272727272727273,0.796490342128519
129,0.49635880154774603,0.7800751879699248,0.5412502288818359,0.702247191011236,0.6730769230769231,0.7865168539325843,0.7253886010362695,0.807726297184699
130,0.5122939077086914,0.7330827067669173,0.5658211105325249,0.7191011235955056,0.7052631578947368,0.7528089887640449,0.7282608695652174,0.8072213104406009
131,0.501007151110728,0.7443609022556391,0.5876506781310178,0.7191011235955056,0.693069306930693,0.7865168539325843,0.7368421052631579,0.7986365357909354
132,0.5302551162422151,0.7349624060150376,0.5997498745328924,0.702247191011236,0.6764705882352942,0.7752808988764045,0.7225130890052356,0.7904305011993435
133,0.5108001766572321,0.7593984962406015,0.5879386690225494,0.7134831460674157,0.6938775510204082,0.7640449438202247,0.7272727272727273,0.7925766948617599
134,0.5307522371299285,0.7255639097744361,0.5300592384981305,0.7359550561797753,0.71,0.797752808988764,0.7513227513227513,0.8342381012498421
135,0.54042239879307,0.731203007518797,0.5928628525037444,0.6853932584269663,0.6853932584269663,0.6853932584269663,0.6853932584269663,0.774902158818331
136,0.5331884241641912,0.7199248120300752,0.5449114609300421,0.7078651685393258,0.6831683168316832,0.7752808988764045,0.7263157894736842,0.8087362706728949
137,0.5126844823808598,0.7330827067669173,0.5273864751451471,0.7134831460674157,0.7021276595744681,0.7415730337078652,0.7213114754098361,0.8265370534023482
138,0.5223740632820847,0.7462406015037594,0.5411491943209359,0.702247191011236,0.6764705882352942,0.7752808988764045,0.7225130890052356,0.8083575306148214
139,0.5074053084043632,0.7481203007518797,0.5797243372777875,0.6853932584269663,0.6813186813186813,0.6966292134831461,0.6888888888888889,0.790556747885368
140,0.5255977654815617,0.7349624060150376,0.5396105573418435,0.7134831460674157,0.69,0.7752808988764045,0.7301587301587301,0.8151748516601439
141,0.5298817003131809,0.7199248120300752,0.5306530132722319,0.7247191011235955,0.7,0.7865168539325843,0.7407407407407407,0.8151748516601439
142,0.5188598500606709,0.7330827067669173,0.5799234127730466,0.7134831460674157,0.6938775510204082,0.7640449438202247,0.7272727272727273,0.790556747885368
143,0.5247074002610114,0.7255639097744361,0.6074381504165992,0.7191011235955056,0.6788990825688074,0.8314606741573034,0.7474747474747475,0.7651811639944451
144,0.5061499579508502,0.75,0.5490560263730166,0.7191011235955056,0.6857142857142857,0.8089887640449438,0.7422680412371134,0.8068425703825274
145,0.517483556405046,0.7349624060150376,0.5615802681847905,0.7247191011235955,0.7040816326530612,0.7752808988764045,0.7379679144385026,0.8112612043933847
146,0.5023574141183293,0.7556390977443609,0.5469474926423491,0.7191011235955056,0.696969696969697,0.7752808988764045,0.7340425531914894,0.8193409922989522
147,0.521870989324455,0.7330827067669173,0.5903868902935071,0.6910112359550562,0.6770833333333334,0.7303370786516854,0.7027027027027027,0.791314228001515
148,0.5008166138839004,0.75,0.5358178762907393,0.7247191011235955,0.6886792452830188,0.8202247191011236,0.7487179487179487,0.8165635652064134
149,0.5173134933736988,0.7424812030075187,0.5381418774636944,0.7191011235955056,0.696969696969697,0.7752808988764045,0.7340425531914894,0.8209821992172706
150,0.5147594000611987,0.7424812030075187,0.5580179878834928,0.7359550561797753,0.723404255319149,0.7640449438202247,0.7431693989071039,0.8070950637545764
151,0.4980452963732239,0.7631578947368421,0.5370154662078686,0.7303370786516854,0.6915887850467289,0.8314606741573034,0.7551020408163265,0.8277995202625931
152,0.490462462032648,0.7593984962406015,0.6165859029534158,0.6966292134831461,0.6635514018691588,0.797752808988764,0.7244897959183674,0.7624037369019062
153,0.5141063635062454,0.7537593984962406,0.5281103969959731,0.7247191011235955,0.6923076923076923,0.8089887640449438,0.7461139896373057,0.8231283928796869
154,0.5058736964724118,0.7443609022556391,0.5255030915978249,0.7303370786516854,0.7029702970297029,0.797752808988764,0.7473684210526316,0.8271682868324707
155,0.5057840403309442,0.7481203007518797,0.5271503844957673,0.7247191011235955,0.6851851851851852,0.8314606741573034,0.751269035532995,0.8193409922989522
156,0.5028670331589261,0.7612781954887218,0.5545050066508604,0.7359550561797753,0.6875,0.8651685393258427,0.7661691542288557,0.814417371543997
157,0.5046468802860805,0.7763157894736842,0.522051941142993,0.702247191011236,0.6836734693877551,0.7528089887640449,0.7165775401069518,0.8164373185203888
158,0.5204968654123464,0.7537593984962406,0.5610667694820447,0.7191011235955056,0.696969696969697,0.7752808988764045,0.7340425531914894,0.8026764297437192
159,0.5051268115079492,0.7199248120300752,0.5405144624495775,0.7247191011235955,0.6923076923076923,0.8089887640449438,0.7461139896373057,0.8202247191011235
160,0.501550739420984,0.75,0.5810703615124306,0.7134831460674157,0.69,0.7752808988764045,0.7301587301587301,0.8033076631738416
161,0.48304774718625204,0.7800751879699248,0.5608205540796344,0.7191011235955056,0.693069306930693,0.7865168539325843,0.7368421052631579,0.808231283928797
162,0.5159442781057573,0.7575187969924813,0.547803459542521,0.7359550561797753,0.6875,0.8651685393258427,0.7661691542288557,0.8022976896856457
163,0.5165260089071173,0.7462406015037594,0.5486614489823245,0.7247191011235955,0.696078431372549,0.797752808988764,0.743455497382199,0.806968817068552
164,0.5184443964994043,0.7387218045112782,0.5179114502467467,0.7471910112359551,0.7340425531914894,0.7752808988764045,0.7540983606557377,0.8301982072970584
165,0.5066302774992204,0.7481203007518797,0.55453658907601,0.7415730337078652,0.7362637362637363,0.7528089887640449,0.7444444444444445,0.8120186845095316
166,0.47725914564347804,0.7669172932330827,0.5373238070627276,0.7415730337078652,0.7171717171717171,0.797752808988764,0.7553191489361702,0.8260320666582501
167,0.5120263343915007,0.75,0.541568252477753,0.702247191011236,0.7045454545454546,0.6966292134831461,0.7005649717514124,0.8045701300340866
168,0.5220177624010502,0.7387218045112782,0.5284113669663333,0.702247191011236,0.68,0.7640449438202247,0.7195767195767195,0.8155535917182174
169,0.48984484206464957,0.75,0.533118602934848,0.7415730337078652,0.7128712871287128,0.8089887640449438,0.7578947368421053,0.8131549046837521
170,0.48889795842027306,0.7556390977443609,0.5576762148503507,0.6910112359550562,0.6931818181818182,0.6853932584269663,0.6892655367231638,0.8025501830576947
171,0.504215937808044,0.768796992481203,0.5171258730834789,0.7471910112359551,0.7115384615384616,0.8314606741573034,0.7668393782383419,0.8389092286327484
172,0.5131830669435343,0.7368421052631579,0.5699447580937589,0.7528089887640449,0.7184466019417476,0.8314606741573034,0.7708333333333334,0.8153010983461684
173,0.5079373354302313,0.7593984962406015,0.5819410099072403,0.6853932584269663,0.6701030927835051,0.7303370786516854,0.6989247311827957,0.7923242014897108
174,0.4955505715276962,0.7575187969924813,0.5453161978989505,0.7303370786516854,0.7029702970297029,0.797752808988764,0.7473684210526316,0.8206034591591971
175,0.5119004890434724,0.7406015037593985,0.5417594360501579,0.7134831460674157,0.7111111111111111,0.7191011235955056,0.7150837988826816,0.8034339098598662
176,0.48698251610411736,0.7800751879699248,0.5489557472507606,0.7134831460674157,0.6979166666666666,0.7528089887640449,0.7243243243243244,0.8082312839287968
177,0.5043050920156608,0.75,0.5848911505066947,0.702247191011236,0.6836734693877551,0.7528089887640449,0.7165775401069518,0.7932079282918824
178,0.49816541317710306,0.7612781954887218,0.5885449580931932,0.7415730337078652,0.7311827956989247,0.7640449438202247,0.7472527472527473,0.7796995328872617
179,0.4932860597631985,0.7518796992481203,0.5298546807149823,0.7303370786516854,0.7204301075268817,0.7528089887640449,0.7362637362637363,0.805958843580356
180,0.48275252571679594,0.7744360902255639,0.5940633436267295,0.7078651685393258,0.6947368421052632,0.7415730337078652,0.717391304347826,0.7761646256785759
181,0.4906897437303586,0.7650375939849624,0.5209129352248116,0.7303370786516854,0.6990291262135923,0.8089887640449438,0.75,0.830324453983083
182,0.49649182085255933,0.7481203007518797,0.5382191987519853,0.7247191011235955,0.696078431372549,0.797752808988764,0.743455497382199,0.8185835121828052
183,0.48753319288554947,0.7838345864661654,0.5199200879322009,0.7303370786516854,0.711340206185567,0.7752808988764045,0.7419354838709677,0.8307031940411564
184,0.5059309418040111,0.7424812030075187,0.5167187465710587,0.7359550561797753,0.7333333333333333,0.7415730337078652,0.7374301675977654,0.8248958464840298
185,0.5126210520590159,0.7387218045112782,0.5223141962222839,0.7640449438202247,0.7155963302752294,0.8764044943820225,0.7878787878787878,0.8363842949122585
186,0.5222774179358232,0.7443609022556391,0.523770132761323,0.7415730337078652,0.7009345794392523,0.8426966292134831,0.7653061224489796,0.8301982072970584
187,0.5245690758066966,0.7443609022556391,0.5878884644990556,0.702247191011236,0.6836734693877551,0.7528089887640449,0.7165775401069518,0.7865168539325842
188,0.4986057510053305,0.7706766917293233,0.5116390699750921,0.7303370786516854,0.7204301075268817,0.7528089887640449,0.7362637362637363,0.836005554854185
189,0.510615971303524,0.7368421052631579,0.5531088220939208,0.7415730337078652,0.7128712871287128,0.8089887640449438,0.7578947368421053,0.8112612043933848
190,0.47775447368621826,0.7669172932330827,0.6000565933377555,0.7191011235955056,0.693069306930693,0.7865168539325843,0.7368421052631579,0.7817194798636535
191,0.49136452544900705,0.7800751879699248,0.5690048946423477,0.7191011235955056,0.7052631578947368,0.7528089887640449,0.7282608695652174,0.7961116020704455
192,0.5041951270479905,0.75,0.5188520611002204,0.7415730337078652,0.7311827956989247,0.7640449438202247,0.7472527472527473,0.828809493750789
193,0.4910177465220143,0.768796992481203,0.5747408572207676,0.7359550561797753,0.7058823529411765,0.8089887640449438,0.7539267015706806,0.8088625173589193
194,0.48205004509230304,0.7763157894736842,0.5333243755812056,0.7415730337078652,0.7087378640776699,0.8202247191011236,0.7604166666666666,0.8227496528216135
195,0.4941331153749523,0.7631578947368421,0.5886409657724788,0.7191011235955056,0.696969696969697,0.7752808988764045,0.7340425531914894,0.7935866683499558
196,0.5057609090231415,0.7481203007518797,0.5133634430638859,0.7471910112359551,0.72,0.8089887640449438,0.7619047619047619,0.8309556874132054
197,0.4852718336689741,0.7800751879699248,0.51391906416818,0.7415730337078652,0.7128712871287128,0.8089887640449438,0.7578947368421053,0.8342381012498421
198,0.4897816871341906,0.768796992481203,0.5192011782292569,0.7471910112359551,0.6964285714285714,0.8764044943820225,0.7761194029850746,0.8347430879939401
199,0.47338468150088664,0.7951127819548872,0.5327988796019822,0.7359550561797753,0.7058823529411765,0.8089887640449438,0.7539267015706806,0.8329756343895972
200,0.49009501530711813,0.7669172932330827,0.539795067872894,0.7359550561797753,0.7019230769230769,0.8202247191011236,0.7564766839378239,0.8267895467743971
201,0.48657743061395514,0.7951127819548872,0.5044019865186027,0.7528089887640449,0.7184466019417476,0.8314606741573034,0.7708333333333334,0.8324706476454993
202,0.4816877030788508,0.7838345864661654,0.5502617586864514,0.7415730337078652,0.7216494845360825,0.7865168539325843,0.7526881720430108,0.8171947986365358
203,0.5064514151641301,0.7481203007518797,0.518010700686594,0.7247191011235955,0.6923076923076923,0.8089887640449438,0.7461139896373057,0.8327231410175483
204,0.4855809299121226,0.7706766917293233,0.51623651016964,0.7191011235955056,0.7191011235955056,0.7191011235955056,0.7191011235955056,0.8246433531119808
205,0.47913644770930586,0.7744360902255639,0.568521194243699,0.7359550561797753,0.7142857142857143,0.7865168539325843,0.7486631016042781,0.8060850902663805
206,0.47750617552520636,0.7725563909774437,0.5759997428133247,0.7191011235955056,0.7010309278350515,0.7640449438202247,0.7311827956989247,0.7997727559651558
207,0.49889857786938663,0.7575187969924813,0.5399923391556471,0.7247191011235955,0.7380952380952381,0.6966292134831461,0.7167630057803468,0.8240121196818584
208,0.5206052085062615,0.7462406015037594,0.6000467431679201,0.7303370786516854,0.6846846846846847,0.8539325842696629,0.76,0.7802045196313597
209,0.49964442176926405,0.7744360902255639,0.5606087606944395,0.7247191011235955,0.7,0.7865168539325843,0.7407407407407407,0.8254008332281277
210,0.48581042549663916,0.7857142857142857,0.5103406611453282,0.7584269662921348,0.7254901960784313,0.8314606741573034,0.774869109947644,0.8382779952026259
211,0.4873777309754737,0.7800751879699248,0.5519298703482981,0.7359550561797753,0.723404255319149,0.7640449438202247,0.7431693989071039,0.8222446660775155
212,0.48799733268587214,0.768796992481203,0.5153066000241912,0.7191011235955056,0.7010309278350515,0.7640449438202247,0.7311827956989247,0.8262845600302993
213,0.4891364399651836,0.7706766917293233,0.5223397204045499,0.7134831460674157,0.7065217391304348,0.7303370786516854,0.7182320441988951,0.8189622522408787
214,0.48179348429342855,0.7706766917293233,0.5681005100185952,0.7471910112359551,0.7244897959183674,0.797752808988764,0.7593582887700535,0.8052013634642091
215,0.483574927973568,0.7763157894736842,0.5263604441385591,0.702247191011236,0.6956521739130435,0.7191011235955056,0.7071823204419889,0.8187097588688297
216,0.4678549690354139,0.7706766917293233,0.5169083951564317,0.7415730337078652,0.7263157894736842,0.7752808988764045,0.75,0.8341118545638176
217,0.4980497201134388,0.7443609022556391,0.5693775134140187,0.7191011235955056,0.7052631578947368,0.7528089887640449,0.7282608695652174,0.8006564827673274
218,0.49503332107586967,0.7650375939849624,0.5175191431902768,0.7640449438202247,0.7473684210526316,0.797752808988764,0.7717391304347826,0.8264108067163236
219,0.46060184563012946,0.7894736842105263,0.5397985182451398,0.7247191011235955,0.717391304347826,0.7415730337078652,0.7292817679558011,0.8310819340992298
220,0.4744374888732021,0.7763157894736842,0.5157399231128479,0.7247191011235955,0.7083333333333334,0.7640449438202247,0.7351351351351352,0.8262845600302993
221,0.5052511976625687,0.7443609022556391,0.5231390267275693,0.7471910112359551,0.7391304347826086,0.7640449438202247,0.7513812154696132,0.8224971594495645
222,0.5020995884013355,0.7481203007518797,0.5492631143398499,0.7415730337078652,0.7171717171717171,0.797752808988764,0.7553191489361702,0.806463830324454
223,0.47984375675818075,0.7706766917293233,0.5965398898285427,0.6966292134831461,0.6666666666666666,0.7865168539325843,0.7216494845360825,0.77515465219038
224,0.48963674365129684,0.768796992481203,0.5112590280811439,0.7415730337078652,0.7171717171717171,0.797752808988764,0.7553191489361702,0.8375205150864791
225,0.47765997567571195,0.7650375939849624,0.5386879698614057,0.7359550561797753,0.7142857142857143,0.7865168539325843,0.7486631016042781,0.8276732735765686
226,0.48892917444831446,0.7593984962406015,0.5152429436030013,0.7359550561797753,0.723404255319149,0.7640449438202247,0.7431693989071039,0.8252745865421032
227,0.5265029469378909,0.7368421052631579,0.5435077353809656,0.7078651685393258,0.6796116504854369,0.7865168539325843,0.7291666666666666,0.8161848251483399
228,0.48177699554235415,0.7650375939849624,0.5030749232581492,0.7640449438202247,0.7238095238095238,0.8539325842696629,0.7835051546391752,0.8397929554349197
229,0.4822623386867064,0.7650375939849624,0.5134098663758696,0.7528089887640449,0.7142857142857143,0.8426966292134831,0.7731958762886598,0.8380255018305769
230,0.4953242701695378,0.7763157894736842,0.5160922736264346,0.7415730337078652,0.7171717171717171,0.797752808988764,0.7553191489361702,0.830829440727181
231,0.47775401567157944,0.768796992481203,0.5146813218513232,0.7247191011235955,0.6923076923076923,0.8089887640449438,0.7461139896373057,0.843959096073728
232,0.5059116899519038,0.7462406015037594,0.5731593142734485,0.7471910112359551,0.7037037037037037,0.8539325842696629,0.7715736040609137,0.806463830324454
233,0.4905311279278949,0.768796992481203,0.5430785176459323,0.7247191011235955,0.7127659574468085,0.7528089887640449,0.73224043715847,0.8034339098598662
234,0.47988994139477725,0.7800751879699248,0.5231289046533992,0.7359550561797753,0.7142857142857143,0.7865168539325843,0.7486631016042781,0.8232546395657114
235,0.4798257846133153,0.793233082706767,0.5337996482849121,0.7415730337078652,0.7171717171717171,0.797752808988764,0.7553191489361702,0.8266633000883726
236,0.49705108686497335,0.7781954887218046,0.5571114722262608,0.7303370786516854,0.711340206185567,0.7752808988764045,0.7419354838709677,0.8004039893952783
237,0.4855855326903494,0.7612781954887218,0.5520106754945905,0.7359550561797753,0.6981132075471698,0.8314606741573034,0.7589743589743589,0.8145436182300214
238,0.4913393821483268,0.7650375939849624,0.5301476542869311,0.7247191011235955,0.7325581395348837,0.7078651685393258,0.72,0.8195934856710012
239,0.48853308589834915,0.7725563909774437,0.585117574488179,0.7303370786516854,0.7070707070707071,0.7865168539325843,0.7446808510638298,0.7976265623027397
240,0.464602461883,0.7857142857142857,0.5443960562180937,0.7078651685393258,0.6907216494845361,0.7528089887640449,0.7204301075268817,0.8178260320666583
241,0.49207551093926105,0.7481203007518797,0.5030876625789685,0.7528089887640449,0.7419354838709677,0.7752808988764045,0.7582417582417582,0.8355005681100871
242,0.49421741169198113,0.7575187969924813,0.4989575924498312,0.7584269662921348,0.7446808510638298,0.7865168539325843,0.7650273224043715,0.8418129024113117
243,0.47154781961799563,0.7781954887218046,0.5135424070143968,0.7471910112359551,0.7,0.8651685393258427,0.7738693467336684,0.8334806211336953
244,0.4958022557255021,0.768796992481203,0.5900561086247477,0.7247191011235955,0.7,0.7865168539325843,0.7407407407407407,0.7860118671884863
245,0.4690564263584022,0.8007518796992481,0.5308437012554554,0.7303370786516854,0.6990291262135923,0.8089887640449438,0.75,0.8163110718343644
246,0.47481836300147207,0.7706766917293233,0.5338902138592152,0.7134831460674157,0.6938775510204082,0.7640449438202247,0.7272727272727273,0.812649917939654
247,0.49234369061046973,0.7650375939849624,0.5023644452684382,0.7303370786516854,0.7029702970297029,0.797752808988764,0.7473684210526316,0.8423178891554097
248,0.47909422543712127,0.7518796992481203,0.496074714017718,0.7415730337078652,0.7087378640776699,0.8202247191011236,0.7604166666666666,0.8453478096199974
249,0.4637557283828133,0.7725563909774437,0.5216782280568326,0.7247191011235955,0.7127659574468085,0.7528089887640449,0.73224043715847,0.8251483398560788
250,0.4820371312754495,0.7575187969924813,0.5814841731210773,0.7191011235955056,0.6893203883495146,0.797752808988764,0.7395833333333334,0.8007827294533518
251,0.4724120347571552,0.7800751879699248,0.6180813647388073,0.6797752808988764,0.6509433962264151,0.7752808988764045,0.7076923076923077,0.7496528216134326
252,0.49603131839207243,0.7575187969924813,0.5115783911072807,0.7415730337078652,0.7171717171717171,0.797752808988764,0.7553191489361702,0.829819467238985
253,0.4679776598188214,0.7819548872180451,0.5104923475994153,0.7640449438202247,0.7473684210526316,0.797752808988764,0.7717391304347826,0.8368892816563565
254,0.4657070072073686,0.7593984962406015,0.5781930283214269,0.7584269662921348,0.7395833333333334,0.797752808988764,0.7675675675675676,0.8275470268905442
255,0.4810068510976949,0.7650375939849624,0.5299055536141556,0.7640449438202247,0.719626168224299,0.8651685393258427,0.7857142857142857,0.8222446660775155
256,0.4990089181670569,0.7349624060150376,0.5328178566493346,0.7584269662921348,0.7395833333333334,0.797752808988764,0.7675675675675676,0.8150486049741195
257,0.4808515193767117,0.7631578947368421,0.5305806371603119,0.7359550561797753,0.7058823529411765,0.8089887640449438,0.7539267015706806,0.8149223582880949
258,0.4755165848068725,0.7838345864661654,0.5796258114696888,0.7191011235955056,0.696969696969697,0.7752808988764045,0.7340425531914894,0.7995202625931069
259,0.4709928394260263,0.7875939849624061,0.5430894835611407,0.7134831460674157,0.7021276595744681,0.7415730337078652,0.7213114754098361,0.8142911248579725
260,0.48212304800972905,0.768796992481203,0.5425485787766703,0.7696629213483146,0.7307692307692307,0.8539325842696629,0.7875647668393783,0.8267895467743971
261,0.5049496736741603,0.75,0.5206353624215286,0.7415730337078652,0.7263157894736842,0.7752808988764045,0.75,0.8260320666582501
262,0.4842283382899779,0.7537593984962406,0.5004851456438557,0.7640449438202247,0.7422680412371134,0.8089887640449438,0.7741935483870968,0.8400454488069689
263,0.4642106511987242,0.7763157894736842,0.49512994021512147,0.7584269662921348,0.7674418604651163,0.7415730337078652,0.7542857142857143,0.844969069561924
264,0.4818043368203299,0.7706766917293233,0.543006955907586,0.7584269662921348,0.7254901960784313,0.8314606741573034,0.774869109947644,0.8308294407271809
265,0.5005216927904832,0.7575187969924813,0.5230953505869662,0.7191011235955056,0.696969696969697,0.7752808988764045,0.7340425531914894,0.8193409922989521
266,0.4872224375717622,0.7763157894736842,0.5196920606527435,0.7303370786516854,0.7029702970297029,0.797752808988764,0.7473684210526316,0.8300719606110339
267,0.4463012202789909,0.8045112781954887,0.5265556908725353,0.7134831460674157,0.6938775510204082,0.7640449438202247,0.7272727272727273,0.8242646130539073
268,0.4878838907058974,0.7518796992481203,0.578913688659668,0.7415730337078652,0.7009345794392523,0.8426966292134831,0.7653061224489796,0.7981315490468376
269,0.4695821993781212,0.7800751879699248,0.5117911529005243,0.7303370786516854,0.7029702970297029,0.797752808988764,0.7473684210526316,0.8435803560156545
270,0.470135011619195,0.7744360902255639,0.4914731791849886,0.7584269662921348,0.7346938775510204,0.8089887640449438,0.7700534759358288,0.8511551571771241
271,0.4870604588124985,0.7631578947368421,0.5028527492887518,0.7471910112359551,0.72,0.8089887640449438,0.7619047619047619,0.8392879686908219
272,0.5048144219961381,0.7387218045112782,0.5326351463124993,0.7359550561797753,0.7282608695652174,0.7528089887640449,0.7403314917127072,0.8189622522408786
273,0.5018909757298634,0.75,0.5231208640537904,0.7415730337078652,0.7128712871287128,0.8089887640449438,0.7578947368421053,0.8250220931700543
274,0.5017977186611721,0.7556390977443609,0.548753053954478,0.7584269662921348,0.7254901960784313,0.8314606741573034,0.774869109947644,0.8266633000883726
275,0.47954605150043517,0.7706766917293233,0.5282372450560666,0.7303370786516854,0.7252747252747253,0.7415730337078652,0.7333333333333333,0.8272945335184951
276,0.5077830512720839,0.75,0.5784616818588771,0.7191011235955056,0.693069306930693,0.7865168539325843,0.7368421052631579,0.7877793207928291
277,0.4646241543884564,0.7800751879699248,0.549673751498876,0.7415730337078652,0.7263157894736842,0.7752808988764045,0.75,0.8192147456129277
278,0.4865482418160689,0.768796992481203,0.598282003670596,0.7415730337078652,0.7263157894736842,0.7752808988764045,0.75,0.7844969069561925
279,0.4816872345325642,0.7650375939849624,0.5884704603238052,0.7078651685393258,0.6947368421052632,0.7415730337078652,0.717391304347826,0.7703572781214493
280,0.48147235866776084,0.7631578947368421,0.5858381316902932,0.6966292134831461,0.6767676767676768,0.7528089887640449,0.7127659574468085,0.7829819467238984
281,0.4779919860954571,0.7744360902255639,0.4860937006018135,0.7752808988764045,0.7578947368421053,0.8089887640449438,0.782608695652174,0.8558262845600303
282,0.4887488334250629,0.7575187969924813,0.5215740391377652,0.7078651685393258,0.6989247311827957,0.7303370786516854,0.7142857142857143,0.8270420401464462
283,0.4870501073231374,0.7556390977443609,0.5448153943158267,0.7359550561797753,0.7019230769230769,0.8202247191011236,0.7564766839378239,0.8279257669486175
284,0.48797970875761565,0.7612781954887218,0.5719281046578054,0.6910112359550562,0.67,0.7528089887640449,0.708994708994709,0.7919454614316374
285,0.478081933089665,0.7800751879699248,0.5218384172139543,0.7134831460674157,0.7111111111111111,0.7191011235955056,0.7150837988826816,0.8175735386946092
286,0.47528910636901855,0.7857142857142857,0.5055077089352554,0.7471910112359551,0.7291666666666666,0.7865168539325843,0.7567567567567568,0.8358793081681606
287,0.4749760789082463,0.768796992481203,0.5224256341377002,0.7359550561797753,0.7333333333333333,0.7415730337078652,0.7374301675977654,0.8313344274712788
288,0.4972502293443321,0.7725563909774437,0.5099046324076277,0.7471910112359551,0.7340425531914894,0.7752808988764045,0.7540983606557377,0.8395404620628709
289,0.481419998116063,0.7819548872180451,0.549164958214492,0.7134831460674157,0.6938775510204082,0.7640449438202247,0.7272727272727273,0.8105037242772377
290,0.4818468295541921,0.7725563909774437,0.5310293261924487,0.7584269662921348,0.7346938775510204,0.8089887640449438,0.7700534759358288,0.8352480747380381
291,0.45691017705695075,0.7857142857142857,0.5376543288820246,0.7078651685393258,0.6989247311827957,0.7303370786516854,0.7142857142857143,0.8115136977654336
292,0.48802298285011064,0.7612781954887218,0.5064122248231695,0.7696629213483146,0.7264150943396226,0.8651685393258427,0.7897435897435897,0.844969069561924
293,0.48372298591119006,0.7669172932330827,0.5665262080310436,0.7247191011235955,0.717391304347826,0.7415730337078652,0.7292817679558011,0.8034339098598662
294,0.46310797423348393,0.7744360902255639,0.5231736965393752,0.7528089887640449,0.7472527472527473,0.7640449438202247,0.7555555555555555,0.8307031940411564
295,0.461950766636913,0.7763157894736842,0.5239674348509713,0.7078651685393258,0.7126436781609196,0.6966292134831461,0.7045454545454546,0.8174472920085847
296,0.49877898652750746,0.7894736842105263,0.5530614651990741,0.7584269662921348,0.7555555555555555,0.7640449438202247,0.7597765363128491,0.8243908597399319
297,0.4431706613167784,0.8195488721804511,0.5045981474137038,0.7134831460674157,0.7111111111111111,0.7191011235955056,0.7150837988826816,0.8266633000883726
298,0.4734793406231959,0.7800751879699248,0.5097172528170468,0.7640449438202247,0.7238095238095238,0.8539325842696629,0.7835051546391752,0.8261583133442747
299,0.4760504080388779,0.7744360902255639,0.5766798458742292,0.702247191011236,0.6764705882352942,0.7752808988764045,0.7225130890052356,0.789546774397172
300,0.48508576365341816,0.7744360902255639,0.509896518139357,0.7359550561797753,0.7282608695652174,0.7528089887640449,0.7403314917127072,0.830324453983083
301,0.4630931293157707,0.7763157894736842,0.4943238751272137,0.7471910112359551,0.7340425531914894,0.7752808988764045,0.7540983606557377,0.8461052897361445
302,0.47411960497834627,0.806390977443609,0.5252242664272866,0.7359550561797753,0.723404255319149,0.7640449438202247,0.7431693989071039,0.8276732735765686
303,0.47409120672627497,0.7763157894736842,0.5357787582311737,0.7415730337078652,0.7362637362637363,0.7528089887640449,0.7444444444444445,0.8227496528216135
304,0.49459308318625717,0.7650375939849624,0.5149107274044765,0.7078651685393258,0.7078651685393258,0.7078651685393258,0.7078651685393258,0.8202247191011236
305,0.47583053703594924,0.7725563909774437,0.5304987658275647,0.7640449438202247,0.7473684210526316,0.797752808988764,0.7717391304347826,0.8212346925893195
306,0.4907017135082331,0.7669172932330827,0.5049557056319848,0.7134831460674157,0.7209302325581395,0.6966292134831461,0.7085714285714285,0.8320919075874258
307,0.48751822864650785,0.7725563909774437,0.5431262147560548,0.7528089887640449,0.7064220183486238,0.8651685393258427,0.7777777777777778,0.8300719606110339
308,0.47796576811855,0.7894736842105263,0.5133266006962637,0.7359550561797753,0.723404255319149,0.7640449438202247,0.7431693989071039,0.8360055548541852
309,0.4613368562737802,0.7894736842105263,0.5002137958333733,0.7415730337078652,0.7047619047619048,0.8314606741573034,0.7628865979381443,0.8402979421790178
310,0.46186348907929614,0.7913533834586466,0.5375301288754752,0.7078651685393258,0.7078651685393258,0.7078651685393258,0.7078651685393258,0.8126499179396541
311,0.45667053770301935,0.793233082706767,0.5181593238637688,0.7078651685393258,0.6761904761904762,0.797752808988764,0.7319587628865979,0.8299457139250095
312,0.4852162189501569,0.7763157894736842,0.5643304948056682,0.6966292134831461,0.6804123711340206,0.7415730337078652,0.7096774193548387,0.7993940159070825
313,0.49666908226515116,0.7669172932330827,0.5178933157010025,0.7415730337078652,0.7087378640776699,0.8202247191011236,0.7604166666666666,0.8343643479358667
314,0.48196751573928315,0.75,0.5124225844158216,0.7471910112359551,0.7244897959183674,0.797752808988764,0.7593582887700535,0.8300719606110339
315,0.4567840088130836,0.7669172932330827,0.5198252080531602,0.7808988764044944,0.7450980392156863,0.8539325842696629,0.7958115183246073,0.8352480747380382
316,0.45997074223998796,0.7819548872180451,0.5200100521023354,0.7303370786516854,0.6952380952380952,0.8202247191011236,0.7525773195876289,0.8183310188107562
317,0.47242335134879093,0.7462406015037594,0.5568018642704139,0.7303370786516854,0.7157894736842105,0.7640449438202247,0.7391304347826086,0.8175735386946094
318,0.4761112276324652,0.7800751879699248,0.5238177320930395,0.7415730337078652,0.7128712871287128,0.8089887640449438,0.7578947368421053,0.8324706476454993
319,0.4937872268203506,0.7744360902255639,0.5264935265766101,0.7303370786516854,0.6990291262135923,0.8089887640449438,0.75,0.8281782603206665
320,0.4528861323693641,0.7875939849624061,0.4902358738224158,0.7528089887640449,0.7064220183486238,0.8651685393258427,0.7777777777777778,0.8586037116525691
321,0.44262734929421793,0.7706766917293233,0.5436245524481441,0.7134831460674157,0.7065217391304348,0.7303370786516854,0.7182320441988951,0.8235071329377603
322,0.4552822088388572,0.7969924812030075,0.49585128634163506,0.7640449438202247,0.7526881720430108,0.7865168539325843,0.7692307692307693,0.8430753692715566
323,0.46191950299237905,0.7593984962406015,0.5652607090017768,0.7303370786516854,0.6952380952380952,0.8202247191011236,0.7525773195876289,0.8028026764297438
324,0.4664634136777175,0.7838345864661654,0.5694849102684622,0.7471910112359551,0.7156862745098039,0.8202247191011236,0.7643979057591623,0.8048226234061355
325,0.4754948062556131,0.7593984962406015,0.5784520553738883,0.7303370786516854,0.6990291262135923,0.8089887640449438,0.75,0.7948491352102007
326,0.4546043991594386,0.793233082706767,0.5076771452185813,0.7471910112359551,0.7156862745098039,0.8202247191011236,0.7643979057591623,0.831586920843328
327,0.4829214172703879,0.7612781954887218,0.5069915792915258,0.7640449438202247,0.7079646017699115,0.898876404494382,0.7920792079207921,0.8328493877035728
328,0.46631661550442977,0.7857142857142857,0.5050249568532023,0.7359550561797753,0.7282608695652174,0.7528089887640449,0.7403314917127072,0.8276732735765686
329,0.463813907781938,0.7875939849624061,0.5119796361816064,0.7415730337078652,0.7171717171717171,0.797752808988764,0.7553191489361702,0.8284307536927156
330,0.48175968554683196,0.7518796992481203,0.56193141589004,0.7247191011235955,0.7,0.7865168539325843,0.7407407407407407,0.807726297184699
331,0.47022578859687747,0.7894736842105263,0.5389688711487846,0.7134831460674157,0.6862745098039216,0.7865168539325843,0.7329842931937173,0.8192147456129277
332,0.46572938023653243,0.7894736842105263,0.5640557910619157,0.7247191011235955,0.6886792452830188,0.8202247191011236,0.7487179487179487,0.8113874510794092
333,0.4649116105603096,0.768796992481203,0.5250515448913146,0.7415730337078652,0.7263157894736842,0.7752808988764045,0.75,0.8355005681100871
334,0.44214109874757607,0.7988721804511278,0.557278042428949,0.7303370786516854,0.6990291262135923,0.8089887640449438,0.75,0.8074738038126499
335,0.46656006070456113,0.7857142857142857,0.5169849583272184,0.7584269662921348,0.7053571428571429,0.8876404494382022,0.7860696517412935,0.8346168413079157
336,0.48058102408746134,0.7763157894736842,0.5134582961543223,0.7247191011235955,0.6923076923076923,0.8089887640449438,0.7461139896373057,0.8195934856710011
337,0.49106260730807944,0.7481203007518797,0.5111829002251785,0.7359550561797753,0.6944444444444444,0.8426966292134831,0.7614213197969543,0.8406766822370912
338,0.47494209283276606,0.7744360902255639,0.5119031533766328,0.7359550561797753,0.71875,0.7752808988764045,0.745945945945946,0.821865926019442
339,0.46330974984886053,0.7894736842105263,0.5113338205251801,0.7584269662921348,0.73,0.8202247191011236,0.7724867724867724,0.837015528342381
340,0.4790794118902737,0.7706766917293233,0.5758230150415656,0.7303370786516854,0.6990291262135923,0.8089887640449438,0.75,0.814164878171948
341,0.47578588878749906,0.7819548872180451,0.493912904450063,0.7471910112359551,0.7291666666666666,0.7865168539325843,0.7567567567567568,0.8423178891554097
342,0.451021675328563,0.7951127819548872,0.5679948597811582,0.7471910112359551,0.7156862745098039,0.8202247191011236,0.7643979057591623,0.8093675041030173
343,0.46926352314482955,0.7781954887218046,0.5198644881837824,0.7415730337078652,0.6972477064220184,0.8539325842696629,0.7676767676767676,0.8300719606110338
344,0.4739672146121362,0.7631578947368421,0.49220652258797976,0.7640449438202247,0.719626168224299,0.8651685393258427,0.7857142857142857,0.8463577831081934
345,0.4859975018447503,0.7744360902255639,0.5058966352698508,0.7415730337078652,0.7362637362637363,0.7528089887640449,0.7444444444444445,0.8392879686908218
346,0.44896437283745383,0.7988721804511278,0.5115979534856389,0.7528089887640449,0.7472527472527473,0.7640449438202247,0.7555555555555555,0.8305769473551319
347,0.4903136489534737,0.7857142857142857,0.4879226979244961,0.7696629213483146,0.7553191489361702,0.797752808988764,0.7759562841530054,0.8527963640954426
348,0.44712449755883754,0.7951127819548872,0.5833985564414035,0.7191011235955056,0.7010309278350515,0.7640449438202247,0.7311827956989247,0.7834869334679965
349,0.47298869927574816,0.7857142857142857,0.5106709713346502,0.7640449438202247,0.7238095238095238,0.8539325842696629,0.7835051546391752,0.8376467617725035
350,0.45958574620404635,0.8007518796992481,0.5043205987201648,0.7584269662921348,0.73,0.8202247191011236,0.7724867724867724,0.8338593611917687
351,0.4627371331802884,0.7763157894736842,0.4847063937883698,0.7584269662921348,0.7211538461538461,0.8426966292134831,0.7772020725388601,0.8543113243277365
352,0.46045983621948644,0.7969924812030075,0.5156747598326608,0.7359550561797753,0.723404255319149,0.7640449438202247,0.7431693989071039,0.829314480494887
353,0.4662912855470987,0.7781954887218046,0.5716880332218127,0.7247191011235955,0.696078431372549,0.797752808988764,0.743455497382199,0.7947228885241762
354,0.44204030695714447,0.8289473684210527,0.5022240703025561,0.7584269662921348,0.7395833333333334,0.797752808988764,0.7675675675675676,0.8402979421790178
355,0.49625185916298314,0.7556390977443609,0.4879847061768007,0.7415730337078652,0.7216494845360825,0.7865168539325843,0.7526881720430108,0.8394142153768464
356,0.4572780921046895,0.7725563909774437,0.4918541144788935,0.7640449438202247,0.7117117117117117,0.8876404494382022,0.79,0.8549425577578589
357,0.4579617880788961,0.7800751879699248,0.501541665430819,0.7471910112359551,0.7075471698113207,0.8426966292134831,0.7692307692307693,0.8387829819467238
358,0.4583325583235662,0.7819548872180451,0.4976731592349792,0.7134831460674157,0.6938775510204082,0.7640449438202247,0.7272727272727273,0.8372680217144299
359,0.45974179911882357,0.7857142857142857,0.527787556808986,0.7415730337078652,0.7128712871287128,0.8089887640449438,0.7578947368421053,0.8307031940411564
360,0.45041473870886894,0.7988721804511278,0.5325311368770813,0.7191011235955056,0.7096774193548387,0.7415730337078652,0.7252747252747253,0.8232546395657114
361,0.471487357652277,0.7725563909774437,0.5079942847905534,0.7528089887640449,0.7184466019417476,0.8314606741573034,0.7708333333333334,0.8351218280520136
362,0.4729215050102177,0.7781954887218046,0.49841716986023976,0.7584269662921348,0.7211538461538461,0.8426966292134831,0.7772020725388601,0.8428228758995077
363,0.4887829747863282,0.7593984962406015,0.5021983907463845,0.7247191011235955,0.7222222222222222,0.7303370786516854,0.7262569832402235,0.8378992551445524
364,0.47514318814851286,0.7838345864661654,0.4959361231728886,0.7247191011235955,0.7272727272727273,0.7191011235955056,0.7231638418079096,0.8424441358414342
365,0.4644788750132224,0.7894736842105263,0.496714680382375,0.7865168539325843,0.7524752475247525,0.8539325842696629,0.8,0.8478727433404873
366,0.44691662591202813,0.7894736842105263,0.5607931225487356,0.7303370786516854,0.6990291262135923,0.8089887640449438,0.75,0.8131549046837521
367,0.47165282731665703,0.7706766917293233,0.5025634899568022,0.7359550561797753,0.6875,0.8651685393258427,0.7661691542288557,0.8425703825274586
368,0.45276440265483425,0.7819548872180451,0.5091280629125874,0.7303370786516854,0.711340206185567,0.7752808988764045,0.7419354838709677,0.8237596263098093
369,0.45036058150287855,0.7969924812030075,0.5068562392438396,0.7471910112359551,0.7075471698113207,0.8426966292134831,0.7692307692307693,0.8429491225855321
370,0.47097908486997275,0.7838345864661654,0.49605916323286764,0.7640449438202247,0.7640449438202247,0.7640449438202247,0.7640449438202247,0.8373942684004545
371,0.4622963203075237,0.7744360902255639,0.5145328982492511,0.7191011235955056,0.7010309278350515,0.7640449438202247,0.7311827956989247,0.8193409922989522
372,0.48382852803495596,0.7593984962406015,0.5347464660580239,0.7303370786516854,0.7204301075268817,0.7528089887640449,0.7362637362637363,0.827547026890544
373,0.4538736184288685,0.7875939849624061,0.4930328586128321,0.7528089887640449,0.7184466019417476,0.8314606741573034,0.7708333333333334,0.8454740563060219
374,0.4712724367478736,0.7819548872180451,0.5061379269267736,0.7303370786516854,0.7303370786516854,0.7303370786516854,0.7303370786516854,0.8294407271809116
375,0.45356737850303935,0.7951127819548872,0.513731739494238,0.7584269662921348,0.7446808510638298,0.7865168539325843,0.7650273224043715,0.8344905946218911
376,0.45608378285752205,0.7913533834586466,0.4902913637375564,0.7415730337078652,0.7263157894736842,0.7752808988764045,0.75,0.8476202499684383
377,0.44329007630957695,0.7969924812030075,0.5204276743899571,0.7471910112359551,0.7291666666666666,0.7865168539325843,0.7567567567567568,0.8313344274712788
378,0.4856393754034114,0.7537593984962406,0.5563173923599586,0.7415730337078652,0.7047619047619048,0.8314606741573034,0.7628865979381443,0.8077262971846989
379,0.455444625221697,0.793233082706767,0.5550771523057745,0.7303370786516854,0.7029702970297029,0.797752808988764,0.7473684210526316,0.805201363464209
380,0.4764733197993802,0.7819548872180451,0.5496612613120776,0.7247191011235955,0.7,0.7865168539325843,0.7407407407407407,0.8113874510794091
381,0.46532165533617925,0.7819548872180451,0.5006995669911417,0.7640449438202247,0.7422680412371134,0.8089887640449438,0.7741935483870968,0.8344905946218911
382,0.4507028904176296,0.7838345864661654,0.4942538577519106,0.7415730337078652,0.7087378640776699,0.8202247191011236,0.7604166666666666,0.8440853427597526
383,0.47038847499323966,0.7612781954887218,0.5108040289932423,0.7191011235955056,0.7349397590361446,0.6853932584269663,0.7093023255813954,0.822875899507638
384,0.46388796375210123,0.7838345864661654,0.4966655728522311,0.7865168539325843,0.7524752475247525,0.8539325842696629,0.8,0.844464082817826
385,0.45308633361543926,0.7913533834586466,0.5982195092051217,0.7134831460674157,0.6938775510204082,0.7640449438202247,0.7272727272727273,0.7699785380633758
386,0.4397927545067063,0.8026315789473685,0.521561836928464,0.7584269662921348,0.7446808510638298,0.7865168539325843,0.7650273224043715,0.8400454488069689
387,0.45709943928216634,0.7969924812030075,0.5197499387719658,0.7528089887640449,0.7419354838709677,0.7752808988764045,0.7582417582417582,0.820855952531246
388,0.4821640107416569,0.7650375939849624,0.5055368656522772,0.7303370786516854,0.7303370786516854,0.7303370786516854,0.7303370786516854,0.8296932205529605
389,0.4531554387028056,0.8026315789473685,0.49031086985984546,0.7471910112359551,0.7115384615384616,0.8314606741573034,0.7668393782383419,0.8522913773513445
390,0.4809774568206386,0.7669172932330827,0.502898133202885,0.7584269662921348,0.73,0.8202247191011236,0.7724867724867724,0.8425703825274586
391,0.4627408165680735,0.7894736842105263,0.5111673534586189,0.7191011235955056,0.7010309278350515,0.7640449438202247,0.7311827956989247,0.8237596263098093
392,0.4715835050980848,0.7669172932330827,0.5614147614896967,0.7471910112359551,0.7156862745098039,0.8202247191011236,0.7643979057591623,0.8158060850902664
393,0.4696941528105198,0.7819548872180451,0.49310329522979396,0.7808988764044944,0.7604166666666666,0.8202247191011236,0.7891891891891892,0.8498926903168792
394,0.4638996312492772,0.7650375939849624,0.4994273949205206,0.7640449438202247,0.7373737373737373,0.8202247191011236,0.776595744680851,0.8419391490973362
395,0.45703624065657306,0.7838345864661654,0.518794023588802,0.7528089887640449,0.7319587628865979,0.797752808988764,0.7634408602150538,0.8199722257290746
396,0.4483064867948231,0.7951127819548872,0.5394446876611603,0.7303370786516854,0.7204301075268817,0.7528089887640449,0.7362637362637363,0.8233808862517358
397,0.4532712978079803,0.7875939849624061,0.5255383333463347,0.7471910112359551,0.7244897959183674,0.797752808988764,0.7593582887700535,0.8182047721247319
398,0.47254148669036705,0.7763157894736842,0.580519657456473,0.702247191011236,0.6730769230769231,0.7865168539325843,0.7253886010362695,0.7885368009089762
399,0.45543229333440166,0.7744360902255639,0.4862460594498709,0.7640449438202247,0.7373737373737373,0.8202247191011236,0.776595744680851,0.8464840297942179
400,0.4444692751070611,0.8026315789473685,0.4912900094235881,0.7528089887640449,0.7319587628865979,0.797752808988764,0.7634408602150538,0.8420653957833608
